[INFO] Scanning for projects...
[INFO] 
[INFO] -------------------------< com.roco:roco-data >-------------------------
[INFO] Building roco-data 0.0.1-SNAPSHOT
[INFO]   from pom.xml
[INFO] --------------------------------[ jar ]---------------------------------
[INFO] 
[INFO] >>> spring-boot:3.2.4:run (default-cli) > test-compile @ roco-data >>>
[INFO] 
[INFO] --- resources:3.3.1:resources (default-resources) @ roco-data ---
[INFO] Copying 2 resources from src/main/resources to target/classes
[INFO] Copying 0 resource from src/main/resources to target/classes
[INFO] 
[INFO] --- compiler:3.11.0:compile (default-compile) @ roco-data ---
[INFO] Nothing to compile - all classes are up to date
[INFO] 
[INFO] --- resources:3.3.1:testResources (default-testResources) @ roco-data ---
[INFO] skip non existing resourceDirectory /Users/wanglianzuo/project/RockKingdomWorldAssistant/roco-data/src/test/resources
[INFO] 
[INFO] --- compiler:3.11.0:testCompile (default-testCompile) @ roco-data ---
[INFO] No sources to compile
[INFO] 
[INFO] <<< spring-boot:3.2.4:run (default-cli) < test-compile @ roco-data <<<
[INFO] 
[INFO] 
[INFO] --- spring-boot:3.2.4:run (default-cli) @ roco-data ---
[INFO] Attaching agents: []

  .   ____          _            __ _ _
 /\\ / ___'_ __ _ _(_)_ __  __ _ \ \ \ \
( ( )\___ | '_ | '_| | '_ \/ _` | \ \ \ \
 \\/  ___)| |_)| | | | | || (_| |  ) ) ) )
  '  |____| .__|_| |_|_| |_\__, | / / / /
 =========|_|==============|___/=/_/_/_/
 :: Spring Boot ::                (v3.2.4)

2026-04-27T21:51:40.972+08:00  INFO 96681 --- [           main] com.roco.data.RocoDataApplication        : Starting RocoDataApplication using Java 25.0.2 with PID 96681 (/Users/wanglianzuo/project/RockKingdomWorldAssistant/roco-data/target/classes started by wanglianzuo in /Users/wanglianzuo/project/RockKingdomWorldAssistant/roco-data)
2026-04-27T21:51:40.972+08:00  INFO 96681 --- [           main] com.roco.data.RocoDataApplication        : The following 1 profile is active: "local"
2026-04-27T21:51:41.139+08:00  INFO 96681 --- [           main] .s.d.r.c.RepositoryConfigurationDelegate : Bootstrapping Spring Data JPA repositories in DEFAULT mode.
2026-04-27T21:51:41.156+08:00  INFO 96681 --- [           main] .s.d.r.c.RepositoryConfigurationDelegate : Finished Spring Data repository scanning in 14 ms. Found 7 JPA repository interfaces.
WARNING: A restricted method in java.lang.System has been called
WARNING: java.lang.System::load has been called by org.apache.tomcat.jni.Library in an unnamed module (file:/Users/wanglianzuo/.m2/repository/org/apache/tomcat/embed/tomcat-embed-core/10.1.19/tomcat-embed-core-10.1.19.jar)
WARNING: Use --enable-native-access=ALL-UNNAMED to avoid a warning for callers in this module
WARNING: Restricted methods will be blocked in a future release unless native access is enabled

2026-04-27T21:51:41.297+08:00  INFO 96681 --- [           main] o.s.b.w.embedded.tomcat.TomcatWebServer  : Tomcat initialized with port 8081 (http)
2026-04-27T21:51:41.302+08:00  INFO 96681 --- [           main] o.apache.catalina.core.StandardService   : Starting service [Tomcat]
2026-04-27T21:51:41.302+08:00  INFO 96681 --- [           main] o.apache.catalina.core.StandardEngine    : Starting Servlet engine: [Apache Tomcat/10.1.19]
2026-04-27T21:51:41.317+08:00  INFO 96681 --- [           main] o.a.c.c.C.[Tomcat].[localhost].[/]       : Initializing Spring embedded WebApplicationContext
2026-04-27T21:51:41.317+08:00  INFO 96681 --- [           main] w.s.c.ServletWebServerApplicationContext : Root WebApplicationContext: initialization completed in 332 ms
2026-04-27T21:51:41.367+08:00  INFO 96681 --- [           main] o.hibernate.jpa.internal.util.LogHelper  : HHH000204: Processing PersistenceUnitInfo [name: default]
2026-04-27T21:51:41.384+08:00  INFO 96681 --- [           main] org.hibernate.Version                    : HHH000412: Hibernate ORM core version 6.4.4.Final
2026-04-27T21:51:41.396+08:00  INFO 96681 --- [           main] o.h.c.internal.RegionFactoryInitiator    : HHH000026: Second-level cache disabled
2026-04-27T21:51:41.460+08:00  INFO 96681 --- [           main] o.s.o.j.p.SpringPersistenceUnitInfo      : No LoadTimeWeaver setup: ignoring JPA class transformer
2026-04-27T21:51:41.467+08:00  INFO 96681 --- [           main] com.zaxxer.hikari.HikariDataSource       : HikariPool-1 - Starting...
2026-04-27T21:51:41.621+08:00  INFO 96681 --- [           main] com.zaxxer.hikari.pool.HikariPool        : HikariPool-1 - Added connection org.sqlite.jdbc4.JDBC4Connection@11810917
2026-04-27T21:51:41.621+08:00  INFO 96681 --- [           main] com.zaxxer.hikari.HikariDataSource       : HikariPool-1 - Start completed.
2026-04-27T21:51:41.881+08:00  INFO 96681 --- [           main] o.h.e.t.j.p.i.JtaPlatformInitiator       : HHH000489: No JTA platform available (set 'hibernate.transaction.jta.platform' to enable JTA platform integration)
2026-04-27T21:51:41.882+08:00  INFO 96681 --- [           main] j.LocalContainerEntityManagerFactoryBean : Initialized JPA EntityManagerFactory for persistence unit 'default'
2026-04-27T21:51:42.026+08:00  WARN 96681 --- [           main] JpaBaseConfiguration$JpaWebConfiguration : spring.jpa.open-in-view is enabled by default. Therefore, database queries may be performed during view rendering. Explicitly configure spring.jpa.open-in-view to disable this warning
2026-04-27T21:51:42.136+08:00  INFO 96681 --- [           main] o.s.b.w.embedded.tomcat.TomcatWebServer  : Tomcat started on port 8081 (http) with context path ''
2026-04-27T21:51:42.139+08:00  INFO 96681 --- [           main] com.roco.data.RocoDataApplication        : Started RocoDataApplication in 1.279 seconds (process running for 1.367)
2026-04-27T21:51:53.473+08:00  INFO 96681 --- [nio-8081-exec-1] o.a.c.c.C.[Tomcat].[localhost].[/]       : Initializing Spring DispatcherServlet 'dispatcherServlet'
2026-04-27T21:51:53.473+08:00  INFO 96681 --- [nio-8081-exec-1] o.s.web.servlet.DispatcherServlet        : Initializing Servlet 'dispatcherServlet'
2026-04-27T21:51:53.474+08:00  INFO 96681 --- [nio-8081-exec-1] o.s.web.servlet.DispatcherServlet        : Completed initialization in 1 ms
2026-04-27T21:51:53.506+08:00 DEBUG 96681 --- [nio-8081-exec-1] org.hibernate.SQL                        : select p1_0.id,p1_0.attack,p1_0.book_id,p1_0.boss_id,p1_0.completeness,p1_0.defense,p1_0.description,p1_0.evolution_targets,p1_0.feature_id,p1_0.form,p1_0.hp,p1_0.image_url,p1_0.is_boss,p1_0.is_official,p1_0.magic_attack,p1_0.magic_defense,p1_0.main_type_id,p1_0.name,p1_0.speed,p1_0.sub_type_id,p1_0.total_stats from pets p1_0 where p1_0.id=?
Hibernate: select p1_0.id,p1_0.attack,p1_0.book_id,p1_0.boss_id,p1_0.completeness,p1_0.defense,p1_0.description,p1_0.evolution_targets,p1_0.feature_id,p1_0.form,p1_0.hp,p1_0.image_url,p1_0.is_boss,p1_0.is_official,p1_0.magic_attack,p1_0.magic_defense,p1_0.main_type_id,p1_0.name,p1_0.speed,p1_0.sub_type_id,p1_0.total_stats from pets p1_0 where p1_0.id=?
2026-04-27T21:51:53.508+08:00 TRACE 96681 --- [nio-8081-exec-1] org.hibernate.orm.jdbc.bind              : binding parameter (1:INTEGER) <- [3004]
2026-04-27T21:51:57.218+08:00 DEBUG 96681 --- [nio-8081-exec-2] org.hibernate.SQL                        : select p1_0.id,p1_0.attack,p1_0.book_id,p1_0.boss_id,p1_0.completeness,p1_0.defense,p1_0.description,p1_0.evolution_targets,p1_0.feature_id,p1_0.form,p1_0.hp,p1_0.image_url,p1_0.is_boss,p1_0.is_official,p1_0.magic_attack,p1_0.magic_defense,p1_0.main_type_id,p1_0.name,p1_0.speed,p1_0.sub_type_id,p1_0.total_stats from pets p1_0 where p1_0.id=?
Hibernate: select p1_0.id,p1_0.attack,p1_0.book_id,p1_0.boss_id,p1_0.completeness,p1_0.defense,p1_0.description,p1_0.evolution_targets,p1_0.feature_id,p1_0.form,p1_0.hp,p1_0.image_url,p1_0.is_boss,p1_0.is_official,p1_0.magic_attack,p1_0.magic_defense,p1_0.main_type_id,p1_0.name,p1_0.speed,p1_0.sub_type_id,p1_0.total_stats from pets p1_0 where p1_0.id=?
2026-04-27T21:51:57.218+08:00 TRACE 96681 --- [nio-8081-exec-2] org.hibernate.orm.jdbc.bind              : binding parameter (1:INTEGER) <- [3004]
2026-04-27T21:52:48.801+08:00 DEBUG 96681 --- [nio-8081-exec-4] org.hibernate.SQL                        : select p1_0.id,p1_0.attack,p1_0.book_id,p1_0.boss_id,p1_0.completeness,p1_0.defense,p1_0.description,p1_0.evolution_targets,p1_0.feature_id,p1_0.form,p1_0.hp,p1_0.image_url,p1_0.is_boss,p1_0.is_official,p1_0.magic_attack,p1_0.magic_defense,p1_0.main_type_id,p1_0.name,p1_0.speed,p1_0.sub_type_id,p1_0.total_stats from pets p1_0 where p1_0.name=?
Hibernate: select p1_0.id,p1_0.attack,p1_0.book_id,p1_0.boss_id,p1_0.completeness,p1_0.defense,p1_0.description,p1_0.evolution_targets,p1_0.feature_id,p1_0.form,p1_0.hp,p1_0.image_url,p1_0.is_boss,p1_0.is_official,p1_0.magic_attack,p1_0.magic_defense,p1_0.main_type_id,p1_0.name,p1_0.speed,p1_0.sub_type_id,p1_0.total_stats from pets p1_0 where p1_0.name=?
2026-04-27T21:52:48.801+08:00 TRACE 96681 --- [nio-8081-exec-4] org.hibernate.orm.jdbc.bind              : binding parameter (1:VARCHAR) <- [罗隐]
2026-04-27T22:05:12.883+08:00 DEBUG 96681 --- [nio-8081-exec-8] org.hibernate.SQL                        : select p1_0.id,p1_0.attack,p1_0.book_id,p1_0.boss_id,p1_0.completeness,p1_0.defense,p1_0.description,p1_0.evolution_targets,p1_0.feature_id,p1_0.form,p1_0.hp,p1_0.image_url,p1_0.is_boss,p1_0.is_official,p1_0.magic_attack,p1_0.magic_defense,p1_0.main_type_id,p1_0.name,p1_0.speed,p1_0.sub_type_id,p1_0.total_stats from pets p1_0 where p1_0.id=?
Hibernate: select p1_0.id,p1_0.attack,p1_0.book_id,p1_0.boss_id,p1_0.completeness,p1_0.defense,p1_0.description,p1_0.evolution_targets,p1_0.feature_id,p1_0.form,p1_0.hp,p1_0.image_url,p1_0.is_boss,p1_0.is_official,p1_0.magic_attack,p1_0.magic_defense,p1_0.main_type_id,p1_0.name,p1_0.speed,p1_0.sub_type_id,p1_0.total_stats from pets p1_0 where p1_0.id=?
2026-04-27T22:05:12.886+08:00 TRACE 96681 --- [nio-8081-exec-8] org.hibernate.orm.jdbc.bind              : binding parameter (1:INTEGER) <- [3001]
2026-04-27T22:14:46.604+08:00  WARN 96681 --- [l-1 housekeeper] com.zaxxer.hikari.pool.HikariPool        : HikariPool-1 - Thread starvation or clock leap detected (housekeeper delta=7m4s756ms).
2026-04-27T22:17:47.569+08:00 DEBUG 96681 --- [nio-8081-exec-2] org.hibernate.SQL                        : select p1_0.id,p1_0.attack,p1_0.book_id,p1_0.boss_id,p1_0.completeness,p1_0.defense,p1_0.description,p1_0.evolution_targets,p1_0.feature_id,p1_0.form,p1_0.hp,p1_0.image_url,p1_0.is_boss,p1_0.is_official,p1_0.magic_attack,p1_0.magic_defense,p1_0.main_type_id,p1_0.name,p1_0.speed,p1_0.sub_type_id,p1_0.total_stats from pets p1_0 where p1_0.name=?
Hibernate: select p1_0.id,p1_0.attack,p1_0.book_id,p1_0.boss_id,p1_0.completeness,p1_0.defense,p1_0.description,p1_0.evolution_targets,p1_0.feature_id,p1_0.form,p1_0.hp,p1_0.image_url,p1_0.is_boss,p1_0.is_official,p1_0.magic_attack,p1_0.magic_defense,p1_0.main_type_id,p1_0.name,p1_0.speed,p1_0.sub_type_id,p1_0.total_stats from pets p1_0 where p1_0.name=?
2026-04-27T22:17:47.572+08:00 TRACE 96681 --- [nio-8081-exec-2] org.hibernate.orm.jdbc.bind              : binding parameter (1:VARCHAR) <- [罗隐]
2026-04-27T22:25:48.080+08:00 DEBUG 96681 --- [nio-8081-exec-7] org.hibernate.SQL                        : select p1_0.id,p1_0.attack,p1_0.book_id,p1_0.boss_id,p1_0.completeness,p1_0.defense,p1_0.description,p1_0.evolution_targets,p1_0.feature_id,p1_0.form,p1_0.hp,p1_0.image_url,p1_0.is_boss,p1_0.is_official,p1_0.magic_attack,p1_0.magic_defense,p1_0.main_type_id,p1_0.name,p1_0.speed,p1_0.sub_type_id,p1_0.total_stats from pets p1_0 where p1_0.name=?
Hibernate: select p1_0.id,p1_0.attack,p1_0.book_id,p1_0.boss_id,p1_0.completeness,p1_0.defense,p1_0.description,p1_0.evolution_targets,p1_0.feature_id,p1_0.form,p1_0.hp,p1_0.image_url,p1_0.is_boss,p1_0.is_official,p1_0.magic_attack,p1_0.magic_defense,p1_0.main_type_id,p1_0.name,p1_0.speed,p1_0.sub_type_id,p1_0.total_stats from pets p1_0 where p1_0.name=?
2026-04-27T22:25:48.084+08:00 TRACE 96681 --- [nio-8081-exec-7] org.hibernate.orm.jdbc.bind              : binding parameter (1:VARCHAR) <- [罗隐]
2026-04-27T22:25:58.159+08:00  WARN 96681 --- [l-1 housekeeper] com.zaxxer.hikari.pool.HikariPool        : HikariPool-1 - Thread starvation or clock leap detected (housekeeper delta=7m6s362ms).
2026-04-27T22:26:00.539+08:00 DEBUG 96681 --- [nio-8081-exec-9] org.hibernate.SQL                        : select p1_0.id,p1_0.attack,p1_0.book_id,p1_0.boss_id,p1_0.completeness,p1_0.defense,p1_0.description,p1_0.evolution_targets,p1_0.feature_id,p1_0.form,p1_0.hp,p1_0.image_url,p1_0.is_boss,p1_0.is_official,p1_0.magic_attack,p1_0.magic_defense,p1_0.main_type_id,p1_0.name,p1_0.speed,p1_0.sub_type_id,p1_0.total_stats from pets p1_0 where p1_0.id=?
Hibernate: select p1_0.id,p1_0.attack,p1_0.book_id,p1_0.boss_id,p1_0.completeness,p1_0.defense,p1_0.description,p1_0.evolution_targets,p1_0.feature_id,p1_0.form,p1_0.hp,p1_0.image_url,p1_0.is_boss,p1_0.is_official,p1_0.magic_attack,p1_0.magic_defense,p1_0.main_type_id,p1_0.name,p1_0.speed,p1_0.sub_type_id,p1_0.total_stats from pets p1_0 where p1_0.id=?
2026-04-27T22:26:00.540+08:00 TRACE 96681 --- [nio-8081-exec-9] org.hibernate.orm.jdbc.bind              : binding parameter (1:INTEGER) <- [3001]
2026-04-27T22:59:52.755+08:00  WARN 96681 --- [l-1 housekeeper] com.zaxxer.hikari.pool.HikariPool        : HikariPool-1 - Thread starvation or clock leap detected (housekeeper delta=8m54s357ms).
2026-04-27T23:27:14.687+08:00  WARN 96681 --- [l-1 housekeeper] com.zaxxer.hikari.pool.HikariPool        : HikariPool-1 - Thread starvation or clock leap detected (housekeeper delta=25m51s918ms).
2026-04-27T23:47:59.017+08:00  WARN 96681 --- [l-1 housekeeper] com.zaxxer.hikari.pool.HikariPool        : HikariPool-1 - Thread starvation or clock leap detected (housekeeper delta=15m44s299ms).
2026-04-28T00:39:00.266+08:00  WARN 96681 --- [l-1 housekeeper] com.zaxxer.hikari.pool.HikariPool        : HikariPool-1 - Thread starvation or clock leap detected (housekeeper delta=51m1s249ms).
2026-04-28T01:50:06.264+08:00  WARN 96681 --- [l-1 housekeeper] com.zaxxer.hikari.pool.HikariPool        : HikariPool-1 - Thread starvation or clock leap detected (housekeeper delta=1h11m5s998ms).
2026-04-28T03:12:58.369+08:00  WARN 96681 --- [l-1 housekeeper] com.zaxxer.hikari.pool.HikariPool        : HikariPool-1 - Thread starvation or clock leap detected (housekeeper delta=1h22m52s105ms).
2026-04-28T04:51:20.254+08:00  WARN 96681 --- [l-1 housekeeper] com.zaxxer.hikari.pool.HikariPool        : HikariPool-1 - Thread starvation or clock leap detected (housekeeper delta=1h38m21s885ms).
2026-04-28T06:01:28.646+08:00  WARN 96681 --- [l-1 housekeeper] com.zaxxer.hikari.pool.HikariPool        : HikariPool-1 - Thread starvation or clock leap detected (housekeeper delta=1h10m8s391ms).
2026-04-28T07:31:33.559+08:00  WARN 96681 --- [l-1 housekeeper] com.zaxxer.hikari.pool.HikariPool        : HikariPool-1 - Thread starvation or clock leap detected (housekeeper delta=1h30m4s914ms).
2026-04-28T07:55:36.687+08:00  WARN 96681 --- [l-1 housekeeper] com.zaxxer.hikari.pool.HikariPool        : HikariPool-1 - Thread starvation or clock leap detected (housekeeper delta=24m3s128ms).
2026-04-28T08:11:06.559+08:00  WARN 96681 --- [l-1 housekeeper] com.zaxxer.hikari.pool.HikariPool        : HikariPool-1 - Thread starvation or clock leap detected (housekeeper delta=15m29s872ms).
2026-04-28T09:52:23.480+08:00  WARN 96681 --- [l-1 housekeeper] com.zaxxer.hikari.pool.HikariPool        : HikariPool-1 - Thread starvation or clock leap detected (housekeeper delta=1h41m16s921ms).
2026-04-28T10:58:01.537+08:00  WARN 96681 --- [l-1 housekeeper] com.zaxxer.hikari.pool.HikariPool        : HikariPool-1 - Thread starvation or clock leap detected (housekeeper delta=1h5m38s57ms).
2026-04-28T11:26:14.778+08:00  WARN 96681 --- [l-1 housekeeper] com.zaxxer.hikari.pool.HikariPool        : HikariPool-1 - Thread starvation or clock leap detected (housekeeper delta=28m13s241ms).
2026-04-28T11:27:14.612+08:00  WARN 96681 --- [l-1 housekeeper] com.zaxxer.hikari.pool.HikariPool        : HikariPool-1 - Retrograde clock change detected (housekeeper delta=29s827ms), soft-evicting connections from pool.
2026-04-28T11:44:56.492+08:00  WARN 96681 --- [l-1 housekeeper] com.zaxxer.hikari.pool.HikariPool        : HikariPool-1 - Thread starvation or clock leap detected (housekeeper delta=17m11s861ms).
2026-04-28T12:51:53.847+08:00  WARN 96681 --- [l-1 housekeeper] com.zaxxer.hikari.pool.HikariPool        : HikariPool-1 - Thread starvation or clock leap detected (housekeeper delta=1h6m57s356ms).
2026-04-28T13:44:54.269+08:00  WARN 96681 --- [l-1 housekeeper] com.zaxxer.hikari.pool.HikariPool        : HikariPool-1 - Thread starvation or clock leap detected (housekeeper delta=53m421ms).
2026-04-28T14:14:24.735+08:00  WARN 96681 --- [l-1 housekeeper] com.zaxxer.hikari.pool.HikariPool        : HikariPool-1 - Thread starvation or clock leap detected (housekeeper delta=29m30s466ms).
2026-04-28T15:42:39.956+08:00  WARN 96681 --- [l-1 housekeeper] com.zaxxer.hikari.pool.HikariPool        : HikariPool-1 - Thread starvation or clock leap detected (housekeeper delta=50m14s897ms).
2026-04-28T16:20:51.062+08:00  WARN 96681 --- [l-1 housekeeper] com.zaxxer.hikari.pool.HikariPool        : HikariPool-1 - Thread starvation or clock leap detected (housekeeper delta=38m11s106ms).
2026-04-28T17:10:41.673+08:00  WARN 96681 --- [l-1 housekeeper] com.zaxxer.hikari.pool.HikariPool        : HikariPool-1 - Thread starvation or clock leap detected (housekeeper delta=49m50s610ms).
2026-04-28T18:14:11.273+08:00  WARN 96681 --- [l-1 housekeeper] com.zaxxer.hikari.pool.HikariPool        : HikariPool-1 - Thread starvation or clock leap detected (housekeeper delta=1h3m29s600ms).
2026-04-28T19:12:50.743+08:00  WARN 96681 --- [l-1 housekeeper] com.zaxxer.hikari.pool.HikariPool        : HikariPool-1 - Thread starvation or clock leap detected (housekeeper delta=58m39s470ms).
2026-04-28T20:15:38.440+08:00  WARN 96681 --- [l-1 housekeeper] com.zaxxer.hikari.pool.HikariPool        : HikariPool-1 - Thread starvation or clock leap detected (housekeeper delta=1h2m47s697ms).
2026-04-28T21:08:14.299+08:00  WARN 96681 --- [l-1 housekeeper] com.zaxxer.hikari.pool.HikariPool        : HikariPool-1 - Thread starvation or clock leap detected (housekeeper delta=52m35s855ms).
2026-04-29T07:53:08.603+08:00  WARN 96681 --- [l-1 housekeeper] com.zaxxer.hikari.pool.HikariPool        : HikariPool-1 - Thread starvation or clock leap detected (housekeeper delta=7m47s868ms).
2026-04-29T09:47:43.302+08:00  WARN 96681 --- [l-1 housekeeper] com.zaxxer.hikari.pool.HikariPool        : HikariPool-1 - Thread starvation or clock leap detected (housekeeper delta=16m3s998ms).
2026-04-29T10:55:55.309+08:00  WARN 96681 --- [l-1 housekeeper] com.zaxxer.hikari.pool.HikariPool        : HikariPool-1 - Thread starvation or clock leap detected (housekeeper delta=1h8m12s7ms).
2026-04-29T11:44:30.772+08:00  WARN 96681 --- [l-1 housekeeper] com.zaxxer.hikari.pool.HikariPool        : HikariPool-1 - Thread starvation or clock leap detected (housekeeper delta=48m35s463ms).
2026-04-29T11:46:30.500+08:00  WARN 96681 --- [l-1 housekeeper] com.zaxxer.hikari.pool.HikariPool        : HikariPool-1 - Retrograde clock change detected (housekeeper delta=29s714ms), soft-evicting connections from pool.
2026-04-29T16:11:37.605+08:00  WARN 96681 --- [l-1 housekeeper] com.zaxxer.hikari.pool.HikariPool        : HikariPool-1 - Thread starvation or clock leap detected (housekeeper delta=2m35s413ms).
2026-04-29T18:57:06.776+08:00  WARN 96681 --- [l-1 housekeeper] com.zaxxer.hikari.pool.HikariPool        : HikariPool-1 - Thread starvation or clock leap detected (housekeeper delta=15m27s854ms).
2026-04-29T19:13:04.876+08:00  WARN 96681 --- [l-1 housekeeper] com.zaxxer.hikari.pool.HikariPool        : HikariPool-1 - Thread starvation or clock leap detected (housekeeper delta=15m28s97ms).
2026-04-29T19:30:12.962+08:00  WARN 96681 --- [l-1 housekeeper] com.zaxxer.hikari.pool.HikariPool        : HikariPool-1 - Thread starvation or clock leap detected (housekeeper delta=17m8s86ms).
2026-04-29T19:35:26.103+08:00  WARN 96681 --- [l-1 housekeeper] com.zaxxer.hikari.pool.HikariPool        : HikariPool-1 - Thread starvation or clock leap detected (housekeeper delta=4m43s130ms).
2026-04-29T19:51:41.346+08:00  WARN 96681 --- [l-1 housekeeper] com.zaxxer.hikari.pool.HikariPool        : HikariPool-1 - Thread starvation or clock leap detected (housekeeper delta=15m45s234ms).
2026-04-29T20:08:44.444+08:00  WARN 96681 --- [l-1 housekeeper] com.zaxxer.hikari.pool.HikariPool        : HikariPool-1 - Thread starvation or clock leap detected (housekeeper delta=17m3s98ms).
2026-04-29T20:25:46.575+08:00  WARN 96681 --- [l-1 housekeeper] com.zaxxer.hikari.pool.HikariPool        : HikariPool-1 - Thread starvation or clock leap detected (housekeeper delta=16m32s126ms).
2026-04-29T20:41:26.687+08:00  WARN 96681 --- [l-1 housekeeper] com.zaxxer.hikari.pool.HikariPool        : HikariPool-1 - Thread starvation or clock leap detected (housekeeper delta=15m40s111ms).
2026-04-29T20:54:03.427+08:00  WARN 96681 --- [l-1 housekeeper] com.zaxxer.hikari.pool.HikariPool        : HikariPool-1 - Thread starvation or clock leap detected (housekeeper delta=12m6s731ms).
2026-04-29T21:52:05.133+08:00  WARN 96681 --- [l-1 housekeeper] com.zaxxer.hikari.pool.HikariPool        : HikariPool-1 - Thread starvation or clock leap detected (housekeeper delta=17m1s494ms).
2026-04-29T22:42:02.469+08:00  WARN 96681 --- [l-1 housekeeper] com.zaxxer.hikari.pool.HikariPool        : HikariPool-1 - Thread starvation or clock leap detected (housekeeper delta=49m57s337ms).
2026-04-29T23:53:38.531+08:00  WARN 96681 --- [l-1 housekeeper] com.zaxxer.hikari.pool.HikariPool        : HikariPool-1 - Thread starvation or clock leap detected (housekeeper delta=1h11m36s61ms).
2026-04-30T00:53:31.701+08:00  WARN 96681 --- [l-1 housekeeper] com.zaxxer.hikari.pool.HikariPool        : HikariPool-1 - Thread starvation or clock leap detected (housekeeper delta=59m53s171ms).
2026-04-30T02:35:21.249+08:00  WARN 96681 --- [l-1 housekeeper] com.zaxxer.hikari.pool.HikariPool        : HikariPool-1 - Thread starvation or clock leap detected (housekeeper delta=1h41m49s548ms).
2026-04-30T04:17:19.923+08:00  WARN 96681 --- [l-1 housekeeper] com.zaxxer.hikari.pool.HikariPool        : HikariPool-1 - Thread starvation or clock leap detected (housekeeper delta=1h41m58s674ms).
2026-04-30T05:55:55.512+08:00  WARN 96681 --- [l-1 housekeeper] com.zaxxer.hikari.pool.HikariPool        : HikariPool-1 - Thread starvation or clock leap detected (housekeeper delta=1h38m35s589ms).
2026-04-30T07:08:28.412+08:00  WARN 96681 --- [l-1 housekeeper] com.zaxxer.hikari.pool.HikariPool        : HikariPool-1 - Thread starvation or clock leap detected (housekeeper delta=1h12m32s900ms).
2026-04-30T08:07:15.092+08:00  WARN 96681 --- [l-1 housekeeper] com.zaxxer.hikari.pool.HikariPool        : HikariPool-1 - Thread starvation or clock leap detected (housekeeper delta=58m46s680ms).
2026-04-30T08:08:43.018+08:00  WARN 96681 --- [l-1 housekeeper] com.zaxxer.hikari.pool.HikariPool        : HikariPool-1 - Retrograde clock change detected (housekeeper delta=27s922ms), soft-evicting connections from pool.
2026-04-30T08:24:12.909+08:00  WARN 96681 --- [l-1 housekeeper] com.zaxxer.hikari.pool.HikariPool        : HikariPool-1 - Retrograde clock change detected (housekeeper delta=29s837ms), soft-evicting connections from pool.
2026-04-30T14:25:59.629+08:00  WARN 96681 --- [l-1 housekeeper] com.zaxxer.hikari.pool.HikariPool        : HikariPool-1 - Thread starvation or clock leap detected (housekeeper delta=17m12s222ms).
2026-04-30T16:04:15.419+08:00  WARN 96681 --- [l-1 housekeeper] com.zaxxer.hikari.pool.HikariPool        : HikariPool-1 - Thread starvation or clock leap detected (housekeeper delta=1h38m15s791ms).
2026-04-30T17:10:42.644+08:00  WARN 96681 --- [l-1 housekeeper] com.zaxxer.hikari.pool.HikariPool        : HikariPool-1 - Thread starvation or clock leap detected (housekeeper delta=1h6m27s225ms).
2026-04-30T17:41:00.070+08:00  WARN 96681 --- [l-1 housekeeper] com.zaxxer.hikari.pool.HikariPool        : HikariPool-1 - Thread starvation or clock leap detected (housekeeper delta=30m17s426ms).
2026-04-30T18:44:22.211+08:00  WARN 96681 --- [l-1 housekeeper] com.zaxxer.hikari.pool.HikariPool        : HikariPool-1 - Thread starvation or clock leap detected (housekeeper delta=1h3m22s141ms).
2026-04-30T20:00:36.677+08:00  WARN 96681 --- [l-1 housekeeper] com.zaxxer.hikari.pool.HikariPool        : HikariPool-1 - Thread starvation or clock leap detected (housekeeper delta=1h16m14s466ms).
2026-04-30T20:40:51.305+08:00  WARN 96681 --- [l-1 housekeeper] com.zaxxer.hikari.pool.HikariPool        : HikariPool-1 - Thread starvation or clock leap detected (housekeeper delta=40m14s628ms).
2026-04-30T21:30:15.303+08:00  WARN 96681 --- [l-1 housekeeper] com.zaxxer.hikari.pool.HikariPool        : HikariPool-1 - Thread starvation or clock leap detected (housekeeper delta=49m23s998ms).
2026-04-30T22:49:45.224+08:00  WARN 96681 --- [l-1 housekeeper] com.zaxxer.hikari.pool.HikariPool        : HikariPool-1 - Thread starvation or clock leap detected (housekeeper delta=1h19m29s921ms).
2026-04-30T22:54:12.573+08:00  WARN 96681 --- [l-1 housekeeper] com.zaxxer.hikari.pool.HikariPool        : HikariPool-1 - Thread starvation or clock leap detected (housekeeper delta=4m27s349ms).
2026-04-30T23:06:01.141+08:00  WARN 96681 --- [l-1 housekeeper] com.zaxxer.hikari.pool.HikariPool        : HikariPool-1 - Thread starvation or clock leap detected (housekeeper delta=11m48s568ms).
2026-05-01T00:17:39.017+08:00  WARN 96681 --- [l-1 housekeeper] com.zaxxer.hikari.pool.HikariPool        : HikariPool-1 - Thread starvation or clock leap detected (housekeeper delta=1h11m37s876ms).
2026-05-01T01:42:09.352+08:00  WARN 96681 --- [l-1 housekeeper] com.zaxxer.hikari.pool.HikariPool        : HikariPool-1 - Thread starvation or clock leap detected (housekeeper delta=1h24m30s335ms).
2026-05-01T03:06:44.735+08:00  WARN 96681 --- [l-1 housekeeper] com.zaxxer.hikari.pool.HikariPool        : HikariPool-1 - Thread starvation or clock leap detected (housekeeper delta=1h24m35s383ms).
2026-05-01T04:16:12.190+08:00  WARN 96681 --- [l-1 housekeeper] com.zaxxer.hikari.pool.HikariPool        : HikariPool-1 - Thread starvation or clock leap detected (housekeeper delta=1h9m27s455ms).
2026-05-01T05:18:11.899+08:00  WARN 96681 --- [l-1 housekeeper] com.zaxxer.hikari.pool.HikariPool        : HikariPool-1 - Thread starvation or clock leap detected (housekeeper delta=1h1m59s709ms).
2026-05-01T06:32:21.444+08:00  WARN 96681 --- [l-1 housekeeper] com.zaxxer.hikari.pool.HikariPool        : HikariPool-1 - Thread starvation or clock leap detected (housekeeper delta=1h14m9s545ms).
2026-05-01T07:49:15.735+08:00  WARN 96681 --- [l-1 housekeeper] com.zaxxer.hikari.pool.HikariPool        : HikariPool-1 - Thread starvation or clock leap detected (housekeeper delta=1h16m54s291ms).
2026-05-01T09:09:08.847+08:00  WARN 96681 --- [l-1 housekeeper] com.zaxxer.hikari.pool.HikariPool        : HikariPool-1 - Thread starvation or clock leap detected (housekeeper delta=1h19m53s111ms).
2026-05-01T10:21:10.013+08:00  WARN 96681 --- [l-1 housekeeper] com.zaxxer.hikari.pool.HikariPool        : HikariPool-1 - Thread starvation or clock leap detected (housekeeper delta=1h12m1s167ms).
2026-05-01T11:22:16.660+08:00  WARN 96681 --- [l-1 housekeeper] com.zaxxer.hikari.pool.HikariPool        : HikariPool-1 - Thread starvation or clock leap detected (housekeeper delta=1h1m6s646ms).
2026-05-01T12:39:03.288+08:00  WARN 96681 --- [l-1 housekeeper] com.zaxxer.hikari.pool.HikariPool        : HikariPool-1 - Thread starvation or clock leap detected (housekeeper delta=1h16m46s629ms).
2026-05-01T13:41:43.479+08:00  WARN 96681 --- [l-1 housekeeper] com.zaxxer.hikari.pool.HikariPool        : HikariPool-1 - Thread starvation or clock leap detected (housekeeper delta=1h2m40s190ms).
2026-05-01T14:42:31.410+08:00  WARN 96681 --- [l-1 housekeeper] com.zaxxer.hikari.pool.HikariPool        : HikariPool-1 - Thread starvation or clock leap detected (housekeeper delta=1h47s932ms).
2026-05-01T16:16:02.372+08:00  WARN 96681 --- [l-1 housekeeper] com.zaxxer.hikari.pool.HikariPool        : HikariPool-1 - Thread starvation or clock leap detected (housekeeper delta=1h33m30s962ms).
2026-05-01T17:28:08.160+08:00  WARN 96681 --- [l-1 housekeeper] com.zaxxer.hikari.pool.HikariPool        : HikariPool-1 - Thread starvation or clock leap detected (housekeeper delta=1h12m5s787ms).
2026-05-01T18:29:14.670+08:00  WARN 96681 --- [l-1 housekeeper] com.zaxxer.hikari.pool.HikariPool        : HikariPool-1 - Thread starvation or clock leap detected (housekeeper delta=1h1m6s511ms).
2026-05-01T18:48:53.735+08:00  WARN 96681 --- [l-1 housekeeper] com.zaxxer.hikari.pool.HikariPool        : HikariPool-1 - Thread starvation or clock leap detected (housekeeper delta=19m39s65ms).
2026-05-01T19:40:13.251+08:00  WARN 96681 --- [l-1 housekeeper] com.zaxxer.hikari.pool.HikariPool        : HikariPool-1 - Thread starvation or clock leap detected (housekeeper delta=51m19s516ms).
2026-05-01T20:27:17.938+08:00  WARN 96681 --- [l-1 housekeeper] com.zaxxer.hikari.pool.HikariPool        : HikariPool-1 - Thread starvation or clock leap detected (housekeeper delta=47m4s687ms).
2026-05-01T21:20:16.037+08:00  WARN 96681 --- [l-1 housekeeper] com.zaxxer.hikari.pool.HikariPool        : HikariPool-1 - Thread starvation or clock leap detected (housekeeper delta=52m58s99ms).
2026-05-01T22:23:18.179+08:00  WARN 96681 --- [l-1 housekeeper] com.zaxxer.hikari.pool.HikariPool        : HikariPool-1 - Thread starvation or clock leap detected (housekeeper delta=1h3m2s142ms).
2026-05-01T23:34:10.308+08:00  WARN 96681 --- [l-1 housekeeper] com.zaxxer.hikari.pool.HikariPool        : HikariPool-1 - Thread starvation or clock leap detected (housekeeper delta=1h10m52s126ms).
2026-05-02T00:35:17.676+08:00  WARN 96681 --- [l-1 housekeeper] com.zaxxer.hikari.pool.HikariPool        : HikariPool-1 - Thread starvation or clock leap detected (housekeeper delta=1h1m7s371ms).
2026-05-02T02:15:33.990+08:00  WARN 96681 --- [l-1 housekeeper] com.zaxxer.hikari.pool.HikariPool        : HikariPool-1 - Thread starvation or clock leap detected (housekeeper delta=1h40m16s314ms).
2026-05-02T03:37:09.218+08:00  WARN 96681 --- [l-1 housekeeper] com.zaxxer.hikari.pool.HikariPool        : HikariPool-1 - Thread starvation or clock leap detected (housekeeper delta=1h21m35s226ms).
2026-05-02T04:32:32.139+08:00  WARN 96681 --- [l-1 housekeeper] com.zaxxer.hikari.pool.HikariPool        : HikariPool-1 - Thread starvation or clock leap detected (housekeeper delta=55m22s922ms).
2026-05-02T05:40:18.996+08:00  WARN 96681 --- [l-1 housekeeper] com.zaxxer.hikari.pool.HikariPool        : HikariPool-1 - Thread starvation or clock leap detected (housekeeper delta=1h7m46s858ms).
2026-05-02T06:48:48.190+08:00  WARN 96681 --- [l-1 housekeeper] com.zaxxer.hikari.pool.HikariPool        : HikariPool-1 - Thread starvation or clock leap detected (housekeeper delta=1h8m29s194ms).
2026-05-02T08:07:37.525+08:00  WARN 96681 --- [l-1 housekeeper] com.zaxxer.hikari.pool.HikariPool        : HikariPool-1 - Thread starvation or clock leap detected (housekeeper delta=1h18m49s335ms).
2026-05-02T09:22:29.786+08:00  WARN 96681 --- [l-1 housekeeper] com.zaxxer.hikari.pool.HikariPool        : HikariPool-1 - Thread starvation or clock leap detected (housekeeper delta=1h14m52s260ms).
2026-05-02T10:10:06.450+08:00  WARN 96681 --- [l-1 housekeeper] com.zaxxer.hikari.pool.HikariPool        : HikariPool-1 - Thread starvation or clock leap detected (housekeeper delta=47m36s665ms).
2026-05-02T11:38:31.341+08:00  WARN 96681 --- [l-1 housekeeper] com.zaxxer.hikari.pool.HikariPool        : HikariPool-1 - Thread starvation or clock leap detected (housekeeper delta=1h28m24s890ms).
2026-05-02T12:39:37.563+08:00  WARN 96681 --- [l-1 housekeeper] com.zaxxer.hikari.pool.HikariPool        : HikariPool-1 - Thread starvation or clock leap detected (housekeeper delta=1h1m6s223ms).
2026-05-02T13:53:21.217+08:00  WARN 96681 --- [l-1 housekeeper] com.zaxxer.hikari.pool.HikariPool        : HikariPool-1 - Thread starvation or clock leap detected (housekeeper delta=1h13m43s654ms).
2026-05-02T15:14:06.391+08:00  WARN 96681 --- [l-1 housekeeper] com.zaxxer.hikari.pool.HikariPool        : HikariPool-1 - Thread starvation or clock leap detected (housekeeper delta=1h20m45s174ms).
2026-05-02T16:30:10.782+08:00  WARN 96681 --- [l-1 housekeeper] com.zaxxer.hikari.pool.HikariPool        : HikariPool-1 - Thread starvation or clock leap detected (housekeeper delta=1h16m4s391ms).
2026-05-02T17:44:31.293+08:00  WARN 96681 --- [l-1 housekeeper] com.zaxxer.hikari.pool.HikariPool        : HikariPool-1 - Thread starvation or clock leap detected (housekeeper delta=1h14m20s511ms).
2026-05-02T18:45:35.405+08:00  WARN 96681 --- [l-1 housekeeper] com.zaxxer.hikari.pool.HikariPool        : HikariPool-1 - Thread starvation or clock leap detected (housekeeper delta=1h1m4s112ms).
2026-05-02T20:02:38.504+08:00  WARN 96681 --- [l-1 housekeeper] com.zaxxer.hikari.pool.HikariPool        : HikariPool-1 - Thread starvation or clock leap detected (housekeeper delta=1h17m3s99ms).
2026-05-02T21:21:24.840+08:00  WARN 96681 --- [l-1 housekeeper] com.zaxxer.hikari.pool.HikariPool        : HikariPool-1 - Thread starvation or clock leap detected (housekeeper delta=1h18m46s336ms).
2026-05-02T22:06:20.735+08:00  WARN 96681 --- [l-1 housekeeper] com.zaxxer.hikari.pool.HikariPool        : HikariPool-1 - Thread starvation or clock leap detected (housekeeper delta=44m55s894ms).
2026-05-02T23:21:10.854+08:00  WARN 96681 --- [l-1 housekeeper] com.zaxxer.hikari.pool.HikariPool        : HikariPool-1 - Thread starvation or clock leap detected (housekeeper delta=1h14m50s120ms).
2026-05-02T23:50:47.736+08:00  WARN 96681 --- [l-1 housekeeper] com.zaxxer.hikari.pool.HikariPool        : HikariPool-1 - Thread starvation or clock leap detected (housekeeper delta=29m36s882ms).
2026-05-03T00:51:39.885+08:00  WARN 96681 --- [l-1 housekeeper] com.zaxxer.hikari.pool.HikariPool        : HikariPool-1 - Thread starvation or clock leap detected (housekeeper delta=1h52s149ms).
2026-05-03T02:30:44.661+08:00  WARN 96681 --- [l-1 housekeeper] com.zaxxer.hikari.pool.HikariPool        : HikariPool-1 - Thread starvation or clock leap detected (housekeeper delta=1h39m4s776ms).
2026-05-03T04:09:25.282+08:00  WARN 96681 --- [l-1 housekeeper] com.zaxxer.hikari.pool.HikariPool        : HikariPool-1 - Thread starvation or clock leap detected (housekeeper delta=1h38m40s621ms).
2026-05-03T05:21:54.288+08:00  WARN 96681 --- [l-1 housekeeper] com.zaxxer.hikari.pool.HikariPool        : HikariPool-1 - Thread starvation or clock leap detected (housekeeper delta=1h12m29s6ms).
2026-05-03T06:23:50.319+08:00  WARN 96681 --- [l-1 housekeeper] com.zaxxer.hikari.pool.HikariPool        : HikariPool-1 - Thread starvation or clock leap detected (housekeeper delta=1h1m56s31ms).
2026-05-03T07:20:23.438+08:00  WARN 96681 --- [l-1 housekeeper] com.zaxxer.hikari.pool.HikariPool        : HikariPool-1 - Thread starvation or clock leap detected (housekeeper delta=56m33s119ms).
2026-05-03T08:22:13.661+08:00  WARN 96681 --- [l-1 housekeeper] com.zaxxer.hikari.pool.HikariPool        : HikariPool-1 - Thread starvation or clock leap detected (housekeeper delta=1h1m50s222ms).
2026-05-03T08:42:59.644+08:00  WARN 96681 --- [l-1 housekeeper] com.zaxxer.hikari.pool.HikariPool        : HikariPool-1 - Thread starvation or clock leap detected (housekeeper delta=20m15s981ms).
2026-05-03T09:03:49.714+08:00  WARN 96681 --- [l-1 housekeeper] com.zaxxer.hikari.pool.HikariPool        : HikariPool-1 - Thread starvation or clock leap detected (housekeeper delta=20m50s70ms).
2026-05-03T09:22:44.420+08:00  WARN 96681 --- [l-1 housekeeper] com.zaxxer.hikari.pool.HikariPool        : HikariPool-1 - Thread starvation or clock leap detected (housekeeper delta=18m54s706ms).
2026-05-03T09:38:54.252+08:00  WARN 96681 --- [l-1 housekeeper] com.zaxxer.hikari.pool.HikariPool        : HikariPool-1 - Thread starvation or clock leap detected (housekeeper delta=16m9s831ms).
2026-05-03T11:26:52.664+08:00  WARN 96681 --- [l-1 housekeeper] com.zaxxer.hikari.pool.HikariPool        : HikariPool-1 - Thread starvation or clock leap detected (housekeeper delta=15m27s725ms).
2026-05-03T11:42:50.583+08:00  WARN 96681 --- [l-1 housekeeper] com.zaxxer.hikari.pool.HikariPool        : HikariPool-1 - Thread starvation or clock leap detected (housekeeper delta=15m27s911ms).
2026-05-03T11:58:18.559+08:00  WARN 96681 --- [l-1 housekeeper] com.zaxxer.hikari.pool.HikariPool        : HikariPool-1 - Thread starvation or clock leap detected (housekeeper delta=15m27s976ms).
2026-05-03T12:14:16.202+08:00  WARN 96681 --- [l-1 housekeeper] com.zaxxer.hikari.pool.HikariPool        : HikariPool-1 - Thread starvation or clock leap detected (housekeeper delta=15m27s633ms).
2026-05-03T12:30:14.221+08:00  WARN 96681 --- [l-1 housekeeper] com.zaxxer.hikari.pool.HikariPool        : HikariPool-1 - Thread starvation or clock leap detected (housekeeper delta=15m28s12ms).
2026-05-03T12:47:15.607+08:00  WARN 96681 --- [l-1 housekeeper] com.zaxxer.hikari.pool.HikariPool        : HikariPool-1 - Thread starvation or clock leap detected (housekeeper delta=17m1s386ms).
2026-05-03T12:52:28.746+08:00  WARN 96681 --- [l-1 housekeeper] com.zaxxer.hikari.pool.HikariPool        : HikariPool-1 - Thread starvation or clock leap detected (housekeeper delta=4m43s135ms).
2026-05-03T12:57:03.965+08:00  WARN 96681 --- [l-1 housekeeper] com.zaxxer.hikari.pool.HikariPool        : HikariPool-1 - Thread starvation or clock leap detected (housekeeper delta=4m35s219ms).
2026-05-03T13:14:00.441+08:00  WARN 96681 --- [l-1 housekeeper] com.zaxxer.hikari.pool.HikariPool        : HikariPool-1 - Thread starvation or clock leap detected (housekeeper delta=16m26s468ms).
2026-05-03T13:30:02.527+08:00  WARN 96681 --- [l-1 housekeeper] com.zaxxer.hikari.pool.HikariPool        : HikariPool-1 - Thread starvation or clock leap detected (housekeeper delta=15m32s82ms).
2026-05-03T13:45:36.634+08:00  WARN 96681 --- [l-1 housekeeper] com.zaxxer.hikari.pool.HikariPool        : HikariPool-1 - Thread starvation or clock leap detected (housekeeper delta=15m34s108ms).
2026-05-03T14:31:40.313+08:00  WARN 96681 --- [l-1 housekeeper] com.zaxxer.hikari.pool.HikariPool        : HikariPool-1 - Thread starvation or clock leap detected (housekeeper delta=45m33s677ms).
2026-05-03T15:31:44.714+08:00  WARN 96681 --- [l-1 housekeeper] com.zaxxer.hikari.pool.HikariPool        : HikariPool-1 - Thread starvation or clock leap detected (housekeeper delta=1h4s400ms).
2026-05-03T16:50:22.757+08:00  WARN 96681 --- [l-1 housekeeper] com.zaxxer.hikari.pool.HikariPool        : HikariPool-1 - Thread starvation or clock leap detected (housekeeper delta=1h18m38s44ms).
2026-05-03T18:02:08.637+08:00  WARN 96681 --- [l-1 housekeeper] com.zaxxer.hikari.pool.HikariPool        : HikariPool-1 - Thread starvation or clock leap detected (housekeeper delta=1h11m45s880ms).
2026-05-03T19:36:33.316+08:00  WARN 96681 --- [l-1 housekeeper] com.zaxxer.hikari.pool.HikariPool        : HikariPool-1 - Thread starvation or clock leap detected (housekeeper delta=1h34m24s679ms).
2026-05-03T20:53:08.286+08:00  WARN 96681 --- [l-1 housekeeper] com.zaxxer.hikari.pool.HikariPool        : HikariPool-1 - Thread starvation or clock leap detected (housekeeper delta=1h16m34s970ms).
2026-05-03T22:06:03.249+08:00  WARN 96681 --- [l-1 housekeeper] com.zaxxer.hikari.pool.HikariPool        : HikariPool-1 - Thread starvation or clock leap detected (housekeeper delta=1h12m54s962ms).
2026-05-03T23:07:02.410+08:00  WARN 96681 --- [l-1 housekeeper] com.zaxxer.hikari.pool.HikariPool        : HikariPool-1 - Thread starvation or clock leap detected (housekeeper delta=1h59s162ms).
2026-05-04T00:40:38.242+08:00  WARN 96681 --- [l-1 housekeeper] com.zaxxer.hikari.pool.HikariPool        : HikariPool-1 - Thread starvation or clock leap detected (housekeeper delta=1h33m35s832ms).
2026-05-04T02:04:15.053+08:00  WARN 96681 --- [l-1 housekeeper] com.zaxxer.hikari.pool.HikariPool        : HikariPool-1 - Thread starvation or clock leap detected (housekeeper delta=1h23m36s810ms).
2026-05-04T03:44:55.644+08:00  WARN 96681 --- [l-1 housekeeper] com.zaxxer.hikari.pool.HikariPool        : HikariPool-1 - Thread starvation or clock leap detected (housekeeper delta=1h40m40s592ms).
2026-05-04T05:08:32.504+08:00  WARN 96681 --- [l-1 housekeeper] com.zaxxer.hikari.pool.HikariPool        : HikariPool-1 - Thread starvation or clock leap detected (housekeeper delta=1h23m36s860ms).
2026-05-04T06:21:16.398+08:00  WARN 96681 --- [l-1 housekeeper] com.zaxxer.hikari.pool.HikariPool        : HikariPool-1 - Thread starvation or clock leap detected (housekeeper delta=1h12m43s894ms).
2026-05-04T07:22:15.430+08:00  WARN 96681 --- [l-1 housekeeper] com.zaxxer.hikari.pool.HikariPool        : HikariPool-1 - Thread starvation or clock leap detected (housekeeper delta=1h59s32ms).
2026-05-04T08:41:33.219+08:00  WARN 96681 --- [l-1 housekeeper] com.zaxxer.hikari.pool.HikariPool        : HikariPool-1 - Thread starvation or clock leap detected (housekeeper delta=1h19m17s788ms).
2026-05-04T09:57:51.148+08:00  WARN 96681 --- [l-1 housekeeper] com.zaxxer.hikari.pool.HikariPool        : HikariPool-1 - Thread starvation or clock leap detected (housekeeper delta=1h16m17s930ms).
2026-05-04T11:01:19.055+08:00  WARN 96681 --- [l-1 housekeeper] com.zaxxer.hikari.pool.HikariPool        : HikariPool-1 - Thread starvation or clock leap detected (housekeeper delta=1h3m27s906ms).
2026-05-04T12:11:16.539+08:00  WARN 96681 --- [l-1 housekeeper] com.zaxxer.hikari.pool.HikariPool        : HikariPool-1 - Thread starvation or clock leap detected (housekeeper delta=1h9m57s485ms).
2026-05-04T13:27:41.678+08:00  WARN 96681 --- [l-1 housekeeper] com.zaxxer.hikari.pool.HikariPool        : HikariPool-1 - Thread starvation or clock leap detected (housekeeper delta=1h16m25s139ms).
2026-05-04T14:43:37.654+08:00  WARN 96681 --- [l-1 housekeeper] com.zaxxer.hikari.pool.HikariPool        : HikariPool-1 - Thread starvation or clock leap detected (housekeeper delta=1h15m55s976ms).
2026-05-04T15:47:42.680+08:00  WARN 96681 --- [l-1 housekeeper] com.zaxxer.hikari.pool.HikariPool        : HikariPool-1 - Thread starvation or clock leap detected (housekeeper delta=1h4m5s26ms).
2026-05-04T17:16:05.488+08:00  WARN 96681 --- [l-1 housekeeper] com.zaxxer.hikari.pool.HikariPool        : HikariPool-1 - Thread starvation or clock leap detected (housekeeper delta=1h28m22s808ms).
2026-05-04T18:34:50.605+08:00  WARN 96681 --- [l-1 housekeeper] com.zaxxer.hikari.pool.HikariPool        : HikariPool-1 - Thread starvation or clock leap detected (housekeeper delta=1h18m45s117ms).
2026-05-04T19:52:08.666+08:00  WARN 96681 --- [l-1 housekeeper] com.zaxxer.hikari.pool.HikariPool        : HikariPool-1 - Thread starvation or clock leap detected (housekeeper delta=1h17m18s61ms).
2026-05-04T21:19:56.441+08:00  WARN 96681 --- [l-1 housekeeper] com.zaxxer.hikari.pool.HikariPool        : HikariPool-1 - Thread starvation or clock leap detected (housekeeper delta=1h27m47s775ms).
2026-05-04T22:21:01.689+08:00  WARN 96681 --- [l-1 housekeeper] com.zaxxer.hikari.pool.HikariPool        : HikariPool-1 - Thread starvation or clock leap detected (housekeeper delta=1h1m5s248ms).
2026-05-04T23:24:26.927+08:00  WARN 96681 --- [l-1 housekeeper] com.zaxxer.hikari.pool.HikariPool        : HikariPool-1 - Thread starvation or clock leap detected (housekeeper delta=1h3m25s238ms).
2026-05-05T00:55:51.618+08:00  WARN 96681 --- [l-1 housekeeper] com.zaxxer.hikari.pool.HikariPool        : HikariPool-1 - Thread starvation or clock leap detected (housekeeper delta=1h31m24s691ms).
2026-05-05T02:31:19.194+08:00  WARN 96681 --- [l-1 housekeeper] com.zaxxer.hikari.pool.HikariPool        : HikariPool-1 - Thread starvation or clock leap detected (housekeeper delta=1h35m27s576ms).
2026-05-05T03:49:20.056+08:00  WARN 96681 --- [l-1 housekeeper] com.zaxxer.hikari.pool.HikariPool        : HikariPool-1 - Thread starvation or clock leap detected (housekeeper delta=1h18m862ms).
2026-05-05T05:09:31.200+08:00  WARN 96681 --- [l-1 housekeeper] com.zaxxer.hikari.pool.HikariPool        : HikariPool-1 - Thread starvation or clock leap detected (housekeeper delta=1h20m11s144ms).
2026-05-05T06:38:26.841+08:00  WARN 96681 --- [l-1 housekeeper] com.zaxxer.hikari.pool.HikariPool        : HikariPool-1 - Thread starvation or clock leap detected (housekeeper delta=1h28m55s641ms).
2026-05-05T07:51:15.982+08:00  WARN 96681 --- [l-1 housekeeper] com.zaxxer.hikari.pool.HikariPool        : HikariPool-1 - Thread starvation or clock leap detected (housekeeper delta=1h12m49s141ms).
2026-05-05T08:56:29.229+08:00  WARN 96681 --- [l-1 housekeeper] com.zaxxer.hikari.pool.HikariPool        : HikariPool-1 - Thread starvation or clock leap detected (housekeeper delta=1h5m13s247ms).
2026-05-05T10:25:51.071+08:00  WARN 96681 --- [l-1 housekeeper] com.zaxxer.hikari.pool.HikariPool        : HikariPool-1 - Thread starvation or clock leap detected (housekeeper delta=1h29m21s842ms).
2026-05-05T11:44:02.213+08:00  WARN 96681 --- [l-1 housekeeper] com.zaxxer.hikari.pool.HikariPool        : HikariPool-1 - Thread starvation or clock leap detected (housekeeper delta=1h18m11s142ms).
2026-05-05T13:01:00.227+08:00  WARN 96681 --- [l-1 housekeeper] com.zaxxer.hikari.pool.HikariPool        : HikariPool-1 - Thread starvation or clock leap detected (housekeeper delta=1h16m58s14ms).
2026-05-05T14:12:30.440+08:00  WARN 96681 --- [l-1 housekeeper] com.zaxxer.hikari.pool.HikariPool        : HikariPool-1 - Thread starvation or clock leap detected (housekeeper delta=1h11m30s213ms).
2026-05-05T14:35:56.098+08:00  WARN 96681 --- [l-1 housekeeper] com.zaxxer.hikari.pool.HikariPool        : HikariPool-1 - Thread starvation or clock leap detected (housekeeper delta=18m24s573ms).
2026-05-05T14:37:16.255+08:00  WARN 96681 --- [l-1 housekeeper] com.zaxxer.hikari.pool.HikariPool        : HikariPool-1 - Thread starvation or clock leap detected (housekeeper delta=1m20s158ms).
2026-05-05T15:44:48.141+08:00  WARN 96681 --- [l-1 housekeeper] com.zaxxer.hikari.pool.HikariPool        : HikariPool-1 - Thread starvation or clock leap detected (housekeeper delta=1h7m31s886ms).
2026-05-05T16:50:53.392+08:00  WARN 96681 --- [l-1 housekeeper] com.zaxxer.hikari.pool.HikariPool        : HikariPool-1 - Thread starvation or clock leap detected (housekeeper delta=1h6m5s250ms).
2026-05-05T17:19:31.205+08:00  WARN 96681 --- [l-1 housekeeper] com.zaxxer.hikari.pool.HikariPool        : HikariPool-1 - Thread starvation or clock leap detected (housekeeper delta=28m37s814ms).
2026-05-05T17:40:01.966+08:00  WARN 96681 --- [l-1 housekeeper] com.zaxxer.hikari.pool.HikariPool        : HikariPool-1 - Thread starvation or clock leap detected (housekeeper delta=20m30s761ms).
2026-05-05T18:54:22.761+08:00  WARN 96681 --- [l-1 housekeeper] com.zaxxer.hikari.pool.HikariPool        : HikariPool-1 - Thread starvation or clock leap detected (housekeeper delta=1h14m20s795ms).
2026-05-05T20:11:52.844+08:00  WARN 96681 --- [l-1 housekeeper] com.zaxxer.hikari.pool.HikariPool        : HikariPool-1 - Thread starvation or clock leap detected (housekeeper delta=1h17m30s82ms).
2026-05-05T21:23:33.223+08:00  WARN 96681 --- [l-1 housekeeper] com.zaxxer.hikari.pool.HikariPool        : HikariPool-1 - Thread starvation or clock leap detected (housekeeper delta=1h11m40s380ms).
2026-05-05T22:41:20.460+08:00  WARN 96681 --- [l-1 housekeeper] com.zaxxer.hikari.pool.HikariPool        : HikariPool-1 - Thread starvation or clock leap detected (housekeeper delta=1h17m47s237ms).
2026-05-06T00:03:24.323+08:00  WARN 96681 --- [l-1 housekeeper] com.zaxxer.hikari.pool.HikariPool        : HikariPool-1 - Thread starvation or clock leap detected (housekeeper delta=1h22m3s863ms).
2026-05-06T01:13:47.519+08:00  WARN 96681 --- [l-1 housekeeper] com.zaxxer.hikari.pool.HikariPool        : HikariPool-1 - Thread starvation or clock leap detected (housekeeper delta=1h10m23s195ms).
2026-05-06T02:50:40.128+08:00  WARN 96681 --- [l-1 housekeeper] com.zaxxer.hikari.pool.HikariPool        : HikariPool-1 - Thread starvation or clock leap detected (housekeeper delta=1h36m52s610ms).
2026-05-06T04:12:21.018+08:00  WARN 96681 --- [l-1 housekeeper] com.zaxxer.hikari.pool.HikariPool        : HikariPool-1 - Thread starvation or clock leap detected (housekeeper delta=1h21m40s890ms).
2026-05-06T05:30:32.043+08:00  WARN 96681 --- [l-1 housekeeper] com.zaxxer.hikari.pool.HikariPool        : HikariPool-1 - Thread starvation or clock leap detected (housekeeper delta=1h18m11s25ms).
2026-05-06T06:58:24.747+08:00  WARN 96681 --- [l-1 housekeeper] com.zaxxer.hikari.pool.HikariPool        : HikariPool-1 - Thread starvation or clock leap detected (housekeeper delta=1h27m52s704ms).
2026-05-06T08:08:15.321+08:00  WARN 96681 --- [l-1 housekeeper] com.zaxxer.hikari.pool.HikariPool        : HikariPool-1 - Thread starvation or clock leap detected (housekeeper delta=1h9m50s574ms).
2026-05-06T08:57:50.662+08:00  WARN 96681 --- [l-1 housekeeper] com.zaxxer.hikari.pool.HikariPool        : HikariPool-1 - Thread starvation or clock leap detected (housekeeper delta=49m35s341ms).
2026-05-06T10:17:35.724+08:00  WARN 96681 --- [l-1 housekeeper] com.zaxxer.hikari.pool.HikariPool        : HikariPool-1 - Thread starvation or clock leap detected (housekeeper delta=1h19m45s62ms).
2026-05-06T11:29:40.520+08:00  WARN 96681 --- [l-1 housekeeper] com.zaxxer.hikari.pool.HikariPool        : HikariPool-1 - Thread starvation or clock leap detected (housekeeper delta=1h12m4s796ms).
2026-05-06T12:36:15.064+08:00  WARN 96681 --- [l-1 housekeeper] com.zaxxer.hikari.pool.HikariPool        : HikariPool-1 - Thread starvation or clock leap detected (housekeeper delta=1h6m34s544ms).
2026-05-06T12:44:14.614+08:00  WARN 96681 --- [l-1 housekeeper] com.zaxxer.hikari.pool.HikariPool        : HikariPool-1 - Retrograde clock change detected (housekeeper delta=29s494ms), soft-evicting connections from pool.
2026-05-06T21:14:42.639+08:00  WARN 96681 --- [l-1 housekeeper] com.zaxxer.hikari.pool.HikariPool        : HikariPool-1 - Thread starvation or clock leap detected (housekeeper delta=16m54s673ms).
2026-05-06T21:47:40.102+08:00  WARN 96681 --- [l-1 housekeeper] com.zaxxer.hikari.pool.HikariPool        : HikariPool-1 - Thread starvation or clock leap detected (housekeeper delta=32m57s466ms).
2026-05-06T22:58:32.067+08:00  WARN 96681 --- [l-1 housekeeper] com.zaxxer.hikari.pool.HikariPool        : HikariPool-1 - Thread starvation or clock leap detected (housekeeper delta=1h10m51s964ms).
2026-05-07T00:15:45.051+08:00  WARN 96681 --- [l-1 housekeeper] com.zaxxer.hikari.pool.HikariPool        : HikariPool-1 - Thread starvation or clock leap detected (housekeeper delta=1h17m12s984ms).
2026-05-07T01:37:21.296+08:00  WARN 96681 --- [l-1 housekeeper] com.zaxxer.hikari.pool.HikariPool        : HikariPool-1 - Thread starvation or clock leap detected (housekeeper delta=1h21m36s246ms).
2026-05-07T03:12:16.466+08:00  WARN 96681 --- [l-1 housekeeper] com.zaxxer.hikari.pool.HikariPool        : HikariPool-1 - Thread starvation or clock leap detected (housekeeper delta=1h34m55s169ms).
2026-05-07T03:54:55.056+08:00  WARN 96681 --- [l-1 housekeeper] com.zaxxer.hikari.pool.HikariPool        : HikariPool-1 - Thread starvation or clock leap detected (housekeeper delta=42m38s589ms).
2026-05-07T05:16:47.693+08:00  WARN 96681 --- [l-1 housekeeper] com.zaxxer.hikari.pool.HikariPool        : HikariPool-1 - Thread starvation or clock leap detected (housekeeper delta=1h21m52s638ms).
2026-05-07T05:50:04.222+08:00  WARN 96681 --- [l-1 housekeeper] com.zaxxer.hikari.pool.HikariPool        : HikariPool-1 - Thread starvation or clock leap detected (housekeeper delta=33m16s530ms).
2026-05-07T06:56:50.236+08:00  WARN 96681 --- [l-1 housekeeper] com.zaxxer.hikari.pool.HikariPool        : HikariPool-1 - Thread starvation or clock leap detected (housekeeper delta=1h6m46s14ms).
2026-05-07T07:57:50.138+08:00  WARN 96681 --- [l-1 housekeeper] com.zaxxer.hikari.pool.HikariPool        : HikariPool-1 - Thread starvation or clock leap detected (housekeeper delta=1h59s901ms).
2026-05-07T09:14:06.093+08:00  WARN 96681 --- [l-1 housekeeper] com.zaxxer.hikari.pool.HikariPool        : HikariPool-1 - Thread starvation or clock leap detected (housekeeper delta=1h16m15s955ms).
2026-05-07T09:42:10.836+08:00  WARN 96681 --- [l-1 housekeeper] com.zaxxer.hikari.pool.HikariPool        : HikariPool-1 - Thread starvation or clock leap detected (housekeeper delta=28m4s744ms).
2026-05-07T11:00:46.219+08:00  WARN 96681 --- [l-1 housekeeper] com.zaxxer.hikari.pool.HikariPool        : HikariPool-1 - Thread starvation or clock leap detected (housekeeper delta=1h18m35s383ms).
2026-05-07T11:58:10.700+08:00  WARN 96681 --- [l-1 housekeeper] com.zaxxer.hikari.pool.HikariPool        : HikariPool-1 - Thread starvation or clock leap detected (housekeeper delta=57m24s480ms).
2026-05-07T14:11:55.056+08:00  WARN 96681 --- [l-1 housekeeper] com.zaxxer.hikari.pool.HikariPool        : HikariPool-1 - Thread starvation or clock leap detected (housekeeper delta=28m43s523ms).
2026-05-07T22:02:57.575+08:00  WARN 96681 --- [l-1 housekeeper] com.zaxxer.hikari.pool.HikariPool        : HikariPool-1 - Thread starvation or clock leap detected (housekeeper delta=15m28s715ms).
2026-05-07T22:18:56.280+08:00  WARN 96681 --- [l-1 housekeeper] com.zaxxer.hikari.pool.HikariPool        : HikariPool-1 - Thread starvation or clock leap detected (housekeeper delta=15m28s697ms).
2026-05-07T22:35:54.696+08:00  WARN 96681 --- [l-1 housekeeper] com.zaxxer.hikari.pool.HikariPool        : HikariPool-1 - Thread starvation or clock leap detected (housekeeper delta=15m28s404ms).
2026-05-07T22:53:53.761+08:00  WARN 96681 --- [l-1 housekeeper] com.zaxxer.hikari.pool.HikariPool        : HikariPool-1 - Thread starvation or clock leap detected (housekeeper delta=15m29s7ms).
2026-05-07T23:10:07.713+08:00  WARN 96681 --- [l-1 housekeeper] com.zaxxer.hikari.pool.HikariPool        : HikariPool-1 - Thread starvation or clock leap detected (housekeeper delta=15m43s942ms).
2026-05-07T23:26:28.727+08:00  WARN 96681 --- [l-1 housekeeper] com.zaxxer.hikari.pool.HikariPool        : HikariPool-1 - Thread starvation or clock leap detected (housekeeper delta=15m51s11ms).
2026-05-07T23:31:11.695+08:00  WARN 96681 --- [l-1 housekeeper] com.zaxxer.hikari.pool.HikariPool        : HikariPool-1 - Thread starvation or clock leap detected (housekeeper delta=4m42s968ms).
2026-05-07T23:36:24.839+08:00  WARN 96681 --- [l-1 housekeeper] com.zaxxer.hikari.pool.HikariPool        : HikariPool-1 - Thread starvation or clock leap detected (housekeeper delta=4m43s143ms).
2026-05-07T23:41:15.926+08:00  WARN 96681 --- [l-1 housekeeper] com.zaxxer.hikari.pool.HikariPool        : HikariPool-1 - Thread starvation or clock leap detected (housekeeper delta=4m21s77ms).
2026-05-07T23:48:32.076+08:00  WARN 96681 --- [l-1 housekeeper] com.zaxxer.hikari.pool.HikariPool        : HikariPool-1 - Thread starvation or clock leap detected (housekeeper delta=6m46s148ms).
2026-05-08T00:05:40.822+08:00  WARN 96681 --- [l-1 housekeeper] com.zaxxer.hikari.pool.HikariPool        : HikariPool-1 - Thread starvation or clock leap detected (housekeeper delta=17m8s746ms).
2026-05-08T00:22:05.305+08:00  WARN 96681 --- [l-1 housekeeper] com.zaxxer.hikari.pool.HikariPool        : HikariPool-1 - Thread starvation or clock leap detected (housekeeper delta=15m54s462ms).
2026-05-08T00:39:31.838+08:00  WARN 96681 --- [l-1 housekeeper] com.zaxxer.hikari.pool.HikariPool        : HikariPool-1 - Thread starvation or clock leap detected (housekeeper delta=16m56s522ms).
2026-05-08T00:55:40.863+08:00  WARN 96681 --- [l-1 housekeeper] com.zaxxer.hikari.pool.HikariPool        : HikariPool-1 - Thread starvation or clock leap detected (housekeeper delta=16m9s26ms).
2026-05-08T01:12:36.871+08:00  WARN 96681 --- [l-1 housekeeper] com.zaxxer.hikari.pool.HikariPool        : HikariPool-1 - Thread starvation or clock leap detected (housekeeper delta=16m25s999ms).
2026-05-08T01:28:46.670+08:00  WARN 96681 --- [l-1 housekeeper] com.zaxxer.hikari.pool.HikariPool        : HikariPool-1 - Thread starvation or clock leap detected (housekeeper delta=15m39s790ms).
2026-05-08T01:45:50.754+08:00  WARN 96681 --- [l-1 housekeeper] com.zaxxer.hikari.pool.HikariPool        : HikariPool-1 - Thread starvation or clock leap detected (housekeeper delta=16m34s79ms).
2026-05-08T02:02:29.840+08:00  WARN 96681 --- [l-1 housekeeper] com.zaxxer.hikari.pool.HikariPool        : HikariPool-1 - Thread starvation or clock leap detected (housekeeper delta=16m39s86ms).
2026-05-08T02:19:22.974+08:00  WARN 96681 --- [l-1 housekeeper] com.zaxxer.hikari.pool.HikariPool        : HikariPool-1 - Thread starvation or clock leap detected (housekeeper delta=16m23s126ms).
2026-05-08T02:35:59.093+08:00  WARN 96681 --- [l-1 housekeeper] com.zaxxer.hikari.pool.HikariPool        : HikariPool-1 - Thread starvation or clock leap detected (housekeeper delta=16m36s119ms).
2026-05-08T02:54:10.192+08:00  WARN 96681 --- [l-1 housekeeper] com.zaxxer.hikari.pool.HikariPool        : HikariPool-1 - Thread starvation or clock leap detected (housekeeper delta=17m41s88ms).
2026-05-08T03:10:19.311+08:00  WARN 96681 --- [l-1 housekeeper] com.zaxxer.hikari.pool.HikariPool        : HikariPool-1 - Thread starvation or clock leap detected (housekeeper delta=16m9s119ms).
2026-05-08T03:27:00.441+08:00  WARN 96681 --- [l-1 housekeeper] com.zaxxer.hikari.pool.HikariPool        : HikariPool-1 - Thread starvation or clock leap detected (housekeeper delta=16m11s122ms).
2026-05-08T03:43:24.570+08:00  WARN 96681 --- [l-1 housekeeper] com.zaxxer.hikari.pool.HikariPool        : HikariPool-1 - Thread starvation or clock leap detected (housekeeper delta=15m54s122ms).
2026-05-08T04:01:48.672+08:00  WARN 96681 --- [l-1 housekeeper] com.zaxxer.hikari.pool.HikariPool        : HikariPool-1 - Thread starvation or clock leap detected (housekeeper delta=18m24s102ms).
2026-05-08T04:19:05.774+08:00  WARN 96681 --- [l-1 housekeeper] com.zaxxer.hikari.pool.HikariPool        : HikariPool-1 - Thread starvation or clock leap detected (housekeeper delta=16m47s93ms).
2026-05-08T04:35:03.080+08:00  WARN 96681 --- [l-1 housekeeper] com.zaxxer.hikari.pool.HikariPool        : HikariPool-1 - Thread starvation or clock leap detected (housekeeper delta=15m57s306ms).
2026-05-08T04:52:33.191+08:00  WARN 96681 --- [l-1 housekeeper] com.zaxxer.hikari.pool.HikariPool        : HikariPool-1 - Thread starvation or clock leap detected (housekeeper delta=17m106ms).
2026-05-08T05:08:56.328+08:00  WARN 96681 --- [l-1 housekeeper] com.zaxxer.hikari.pool.HikariPool        : HikariPool-1 - Thread starvation or clock leap detected (housekeeper delta=16m23s137ms).
2026-05-08T05:25:32.467+08:00  WARN 96681 --- [l-1 housekeeper] com.zaxxer.hikari.pool.HikariPool        : HikariPool-1 - Thread starvation or clock leap detected (housekeeper delta=16m6s130ms).
2026-05-08T05:42:12.300+08:00  WARN 96681 --- [l-1 housekeeper] com.zaxxer.hikari.pool.HikariPool        : HikariPool-1 - Thread starvation or clock leap detected (housekeeper delta=16m9s825ms).
2026-05-08T05:58:34.401+08:00  WARN 96681 --- [l-1 housekeeper] com.zaxxer.hikari.pool.HikariPool        : HikariPool-1 - Thread starvation or clock leap detected (housekeeper delta=16m22s101ms).
2026-05-08T06:15:37.529+08:00  WARN 96681 --- [l-1 housekeeper] com.zaxxer.hikari.pool.HikariPool        : HikariPool-1 - Thread starvation or clock leap detected (housekeeper delta=16m33s124ms).
2026-05-08T06:31:47.644+08:00  WARN 96681 --- [l-1 housekeeper] com.zaxxer.hikari.pool.HikariPool        : HikariPool-1 - Thread starvation or clock leap detected (housekeeper delta=16m10s116ms).
2026-05-08T06:47:50.778+08:00  WARN 96681 --- [l-1 housekeeper] com.zaxxer.hikari.pool.HikariPool        : HikariPool-1 - Thread starvation or clock leap detected (housekeeper delta=15m33s126ms).
2026-05-08T07:04:23.877+08:00  WARN 96681 --- [l-1 housekeeper] com.zaxxer.hikari.pool.HikariPool        : HikariPool-1 - Thread starvation or clock leap detected (housekeeper delta=16m33s99ms).
2026-05-08T07:21:05.014+08:00  WARN 96681 --- [l-1 housekeeper] com.zaxxer.hikari.pool.HikariPool        : HikariPool-1 - Thread starvation or clock leap detected (housekeeper delta=16m11s128ms).
2026-05-08T07:26:07.178+08:00  WARN 96681 --- [l-1 housekeeper] com.zaxxer.hikari.pool.HikariPool        : HikariPool-1 - Thread starvation or clock leap detected (housekeeper delta=4m32s157ms).
2026-05-08T07:32:04.981+08:00  WARN 96681 --- [l-1 housekeeper] com.zaxxer.hikari.pool.HikariPool        : HikariPool-1 - Thread starvation or clock leap detected (housekeeper delta=5m57s803ms).
2026-05-08T07:49:57.262+08:00  WARN 96681 --- [l-1 housekeeper] com.zaxxer.hikari.pool.HikariPool        : HikariPool-1 - Thread starvation or clock leap detected (housekeeper delta=17m22s270ms).
2026-05-08T08:08:45.300+08:00  WARN 96681 --- [l-1 housekeeper] com.zaxxer.hikari.pool.HikariPool        : HikariPool-1 - Thread starvation or clock leap detected (housekeeper delta=17m18s16ms).
2026-05-08T08:24:18.258+08:00  WARN 96681 --- [l-1 housekeeper] com.zaxxer.hikari.pool.HikariPool        : HikariPool-1 - Thread starvation or clock leap detected (housekeeper delta=15m32s959ms).
2026-05-08T08:40:31.237+08:00  WARN 96681 --- [l-1 housekeeper] com.zaxxer.hikari.pool.HikariPool        : HikariPool-1 - Thread starvation or clock leap detected (housekeeper delta=15m42s974ms).
2026-05-08T08:56:49.609+08:00  WARN 96681 --- [l-1 housekeeper] com.zaxxer.hikari.pool.HikariPool        : HikariPool-1 - Thread starvation or clock leap detected (housekeeper delta=15m48s372ms).
2026-05-08T09:12:48.628+08:00  WARN 96681 --- [l-1 housekeeper] com.zaxxer.hikari.pool.HikariPool        : HikariPool-1 - Thread starvation or clock leap detected (housekeeper delta=15m29s13ms).
2026-05-08T09:30:01.642+08:00  WARN 96681 --- [l-1 housekeeper] com.zaxxer.hikari.pool.HikariPool        : HikariPool-1 - Thread starvation or clock leap detected (housekeeper delta=17m13s14ms).
2026-05-08T09:33:14.700+08:00  WARN 96681 --- [l-1 housekeeper] com.zaxxer.hikari.pool.HikariPool        : HikariPool-1 - Thread starvation or clock leap detected (housekeeper delta=2m43s40ms).
2026-05-08T09:49:03.655+08:00  WARN 96681 --- [l-1 housekeeper] com.zaxxer.hikari.pool.HikariPool        : HikariPool-1 - Thread starvation or clock leap detected (housekeeper delta=15m48s955ms).
2026-05-08T10:06:53.829+08:00  WARN 96681 --- [l-1 housekeeper] com.zaxxer.hikari.pool.HikariPool        : HikariPool-1 - Thread starvation or clock leap detected (housekeeper delta=16m50s138ms).
2026-05-08T10:22:56.820+08:00  WARN 96681 --- [l-1 housekeeper] com.zaxxer.hikari.pool.HikariPool        : HikariPool-1 - Thread starvation or clock leap detected (housekeeper delta=16m2s991ms).
2026-05-08T10:34:17.796+08:00  WARN 96681 --- [l-1 housekeeper] com.zaxxer.hikari.pool.HikariPool        : HikariPool-1 - Thread starvation or clock leap detected (housekeeper delta=10m50s957ms).
2026-05-08T10:51:46.193+08:00  WARN 96681 --- [l-1 housekeeper] com.zaxxer.hikari.pool.HikariPool        : HikariPool-1 - Thread starvation or clock leap detected (housekeeper delta=15m58s372ms).
2026-05-08T11:09:48.540+08:00  WARN 96681 --- [l-1 housekeeper] com.zaxxer.hikari.pool.HikariPool        : HikariPool-1 - Thread starvation or clock leap detected (housekeeper delta=15m32s333ms).
2026-05-08T11:13:22.790+08:00  WARN 96681 --- [l-1 housekeeper] com.zaxxer.hikari.pool.HikariPool        : HikariPool-1 - Thread starvation or clock leap detected (housekeeper delta=3m4s248ms).
2026-05-08T11:48:05.712+08:00  WARN 96681 --- [l-1 housekeeper] com.zaxxer.hikari.pool.HikariPool        : HikariPool-1 - Thread starvation or clock leap detected (housekeeper delta=16m42s729ms).
2026-05-08T12:06:21.715+08:00  WARN 96681 --- [l-1 housekeeper] com.zaxxer.hikari.pool.HikariPool        : HikariPool-1 - Thread starvation or clock leap detected (housekeeper delta=17m45s996ms).
2026-05-08T15:28:51.843+08:00  WARN 96681 --- [l-1 housekeeper] com.zaxxer.hikari.pool.HikariPool        : HikariPool-1 - Thread starvation or clock leap detected (housekeeper delta=15m57s843ms).
2026-05-08T16:21:19.646+08:00  WARN 96681 --- [l-1 housekeeper] com.zaxxer.hikari.pool.HikariPool        : HikariPool-1 - Thread starvation or clock leap detected (housekeeper delta=52m27s803ms).
2026-05-08T17:14:07.744+08:00  WARN 96681 --- [l-1 housekeeper] com.zaxxer.hikari.pool.HikariPool        : HikariPool-1 - Thread starvation or clock leap detected (housekeeper delta=52m48s98ms).
2026-05-08T17:43:04.102+08:00  WARN 96681 --- [l-1 housekeeper] com.zaxxer.hikari.pool.HikariPool        : HikariPool-1 - Thread starvation or clock leap detected (housekeeper delta=17m56s273ms).
2026-05-08T18:17:26.342+08:00  WARN 96681 --- [l-1 housekeeper] com.zaxxer.hikari.pool.HikariPool        : HikariPool-1 - Thread starvation or clock leap detected (housekeeper delta=34m22s240ms).
2026-05-08T19:25:21.541+08:00  WARN 96681 --- [l-1 housekeeper] com.zaxxer.hikari.pool.HikariPool        : HikariPool-1 - Thread starvation or clock leap detected (housekeeper delta=1h7m55s199ms).
2026-05-08T19:37:00.206+08:00  WARN 96681 --- [l-1 housekeeper] com.zaxxer.hikari.pool.HikariPool        : HikariPool-1 - Thread starvation or clock leap detected (housekeeper delta=11m38s665ms).
2026-05-08T23:09:55.642+08:00  WARN 96681 --- [l-1 housekeeper] com.zaxxer.hikari.pool.HikariPool        : HikariPool-1 - Thread starvation or clock leap detected (housekeeper delta=17m54s174ms).
2026-05-08T23:18:53.516+08:00  WARN 96681 --- [l-1 housekeeper] com.zaxxer.hikari.pool.HikariPool        : HikariPool-1 - Thread starvation or clock leap detected (housekeeper delta=8m57s874ms).
2026-05-09T00:26:21.569+08:00  WARN 96681 --- [l-1 housekeeper] com.zaxxer.hikari.pool.HikariPool        : HikariPool-1 - Thread starvation or clock leap detected (housekeeper delta=1h7m28s53ms).
2026-05-09T01:40:10.977+08:00  WARN 96681 --- [l-1 housekeeper] com.zaxxer.hikari.pool.HikariPool        : HikariPool-1 - Thread starvation or clock leap detected (housekeeper delta=1h13m49s408ms).
2026-05-09T02:13:56.409+08:00  WARN 96681 --- [l-1 housekeeper] com.zaxxer.hikari.pool.HikariPool        : HikariPool-1 - Thread starvation or clock leap detected (housekeeper delta=33m45s432ms).
2026-05-09T03:34:07.920+08:00  WARN 96681 --- [l-1 housekeeper] com.zaxxer.hikari.pool.HikariPool        : HikariPool-1 - Thread starvation or clock leap detected (housekeeper delta=1h20m11s511ms).
2026-05-09T04:49:55.346+08:00  WARN 96681 --- [l-1 housekeeper] com.zaxxer.hikari.pool.HikariPool        : HikariPool-1 - Thread starvation or clock leap detected (housekeeper delta=1h15m47s426ms).
2026-05-09T06:04:24.084+08:00  WARN 96681 --- [l-1 housekeeper] com.zaxxer.hikari.pool.HikariPool        : HikariPool-1 - Thread starvation or clock leap detected (housekeeper delta=1h14m28s738ms).
2026-05-09T07:22:21.522+08:00  WARN 96681 --- [l-1 housekeeper] com.zaxxer.hikari.pool.HikariPool        : HikariPool-1 - Thread starvation or clock leap detected (housekeeper delta=1h17m57s438ms).
2026-05-09T08:40:38.851+08:00  WARN 96681 --- [l-1 housekeeper] com.zaxxer.hikari.pool.HikariPool        : HikariPool-1 - Thread starvation or clock leap detected (housekeeper delta=1h18m17s329ms).
2026-05-09T09:53:56.090+08:00  WARN 96681 --- [l-1 housekeeper] com.zaxxer.hikari.pool.HikariPool        : HikariPool-1 - Thread starvation or clock leap detected (housekeeper delta=1h13m17s239ms).
2026-05-09T10:27:03.274+08:00  WARN 96681 --- [l-1 housekeeper] com.zaxxer.hikari.pool.HikariPool        : HikariPool-1 - Thread starvation or clock leap detected (housekeeper delta=33m7s184ms).
2026-05-09T10:33:39.085+08:00  WARN 96681 --- [l-1 housekeeper] com.zaxxer.hikari.pool.HikariPool        : HikariPool-1 - Thread starvation or clock leap detected (housekeeper delta=6m35s811ms).
2026-05-09T12:03:04.078+08:00  WARN 96681 --- [l-1 housekeeper] com.zaxxer.hikari.pool.HikariPool        : HikariPool-1 - Thread starvation or clock leap detected (housekeeper delta=17m54s157ms).
2026-05-09T12:24:07.613+08:00  WARN 96681 --- [l-1 housekeeper] com.zaxxer.hikari.pool.HikariPool        : HikariPool-1 - Thread starvation or clock leap detected (housekeeper delta=20m33s503ms).
2026-05-09T12:51:51.670+08:00  WARN 96681 --- [l-1 housekeeper] com.zaxxer.hikari.pool.HikariPool        : HikariPool-1 - Thread starvation or clock leap detected (housekeeper delta=14m43s952ms).
2026-05-09T13:42:00.560+08:00  WARN 96681 --- [l-1 housekeeper] com.zaxxer.hikari.pool.HikariPool        : HikariPool-1 - Thread starvation or clock leap detected (housekeeper delta=23m38s673ms).
2026-05-09T22:17:39.356+08:00  WARN 96681 --- [l-1 housekeeper] com.zaxxer.hikari.pool.HikariPool        : HikariPool-1 - Thread starvation or clock leap detected (housekeeper delta=50m4s903ms).
2026-05-09T23:19:33.690+08:00  WARN 96681 --- [l-1 housekeeper] com.zaxxer.hikari.pool.HikariPool        : HikariPool-1 - Thread starvation or clock leap detected (housekeeper delta=1h1m54s335ms).
2026-05-09T23:59:48.130+08:00  WARN 96681 --- [l-1 housekeeper] com.zaxxer.hikari.pool.HikariPool        : HikariPool-1 - Thread starvation or clock leap detected (housekeeper delta=40m14s440ms).
2026-05-10T00:46:18.393+08:00  WARN 96681 --- [l-1 housekeeper] com.zaxxer.hikari.pool.HikariPool        : HikariPool-1 - Thread starvation or clock leap detected (housekeeper delta=46m252ms).
2026-05-10T01:31:48.475+08:00  WARN 96681 --- [l-1 housekeeper] com.zaxxer.hikari.pool.HikariPool        : HikariPool-1 - Thread starvation or clock leap detected (housekeeper delta=45m30s83ms).
2026-05-10T01:48:08.207+08:00  WARN 96681 --- [l-1 housekeeper] com.zaxxer.hikari.pool.HikariPool        : HikariPool-1 - Thread starvation or clock leap detected (housekeeper delta=16m19s732ms).
2026-05-10T02:39:15.548+08:00  WARN 96681 --- [l-1 housekeeper] com.zaxxer.hikari.pool.HikariPool        : HikariPool-1 - Thread starvation or clock leap detected (housekeeper delta=51m7s341ms).
2026-05-10T04:15:53.780+08:00  WARN 96681 --- [l-1 housekeeper] com.zaxxer.hikari.pool.HikariPool        : HikariPool-1 - Thread starvation or clock leap detected (housekeeper delta=1h36m38s231ms).
2026-05-10T04:43:42.043+08:00  WARN 96681 --- [l-1 housekeeper] com.zaxxer.hikari.pool.HikariPool        : HikariPool-1 - Thread starvation or clock leap detected (housekeeper delta=27m48s263ms).
2026-05-10T05:45:38.165+08:00  WARN 96681 --- [l-1 housekeeper] com.zaxxer.hikari.pool.HikariPool        : HikariPool-1 - Thread starvation or clock leap detected (housekeeper delta=1h1m56s123ms).
2026-05-10T06:43:28.859+08:00  WARN 96681 --- [l-1 housekeeper] com.zaxxer.hikari.pool.HikariPool        : HikariPool-1 - Thread starvation or clock leap detected (housekeeper delta=57m50s694ms).
2026-05-10T08:18:30.672+08:00  WARN 96681 --- [l-1 housekeeper] com.zaxxer.hikari.pool.HikariPool        : HikariPool-1 - Thread starvation or clock leap detected (housekeeper delta=1h35m1s813ms).
2026-05-10T09:30:43.209+08:00  WARN 96681 --- [l-1 housekeeper] com.zaxxer.hikari.pool.HikariPool        : HikariPool-1 - Thread starvation or clock leap detected (housekeeper delta=1h12m12s537ms).
2026-05-10T10:49:44.322+08:00  WARN 96681 --- [l-1 housekeeper] com.zaxxer.hikari.pool.HikariPool        : HikariPool-1 - Thread starvation or clock leap detected (housekeeper delta=1h19m1s113ms).
2026-05-10T12:05:43.657+08:00  WARN 96681 --- [l-1 housekeeper] com.zaxxer.hikari.pool.HikariPool        : HikariPool-1 - Thread starvation or clock leap detected (housekeeper delta=1h15m59s334ms).
2026-05-10T12:34:03.058+08:00  WARN 96681 --- [l-1 housekeeper] com.zaxxer.hikari.pool.HikariPool        : HikariPool-1 - Thread starvation or clock leap detected (housekeeper delta=28m19s402ms).
2026-05-10T13:25:14.216+08:00  WARN 96681 --- [l-1 housekeeper] com.zaxxer.hikari.pool.HikariPool        : HikariPool-1 - Thread starvation or clock leap detected (housekeeper delta=51m11s158ms).
2026-05-10T14:22:43.141+08:00  WARN 96681 --- [l-1 housekeeper] com.zaxxer.hikari.pool.HikariPool        : HikariPool-1 - Thread starvation or clock leap detected (housekeeper delta=57m28s925ms).
2026-05-10T15:03:00.868+08:00  WARN 96681 --- [l-1 housekeeper] com.zaxxer.hikari.pool.HikariPool        : HikariPool-1 - Thread starvation or clock leap detected (housekeeper delta=40m17s727ms).
2026-05-10T15:04:00.692+08:00  WARN 96681 --- [l-1 housekeeper] com.zaxxer.hikari.pool.HikariPool        : HikariPool-1 - Retrograde clock change detected (housekeeper delta=29s821ms), soft-evicting connections from pool.
2026-05-10T21:15:04.635+08:00  WARN 96681 --- [l-1 housekeeper] com.zaxxer.hikari.pool.HikariPool        : HikariPool-1 - Thread starvation or clock leap detected (housekeeper delta=15m31s38ms).
2026-05-10T21:41:30.763+08:00  WARN 96681 --- [l-1 housekeeper] com.zaxxer.hikari.pool.HikariPool        : HikariPool-1 - Thread starvation or clock leap detected (housekeeper delta=25m56s105ms).
2026-05-10T22:39:19.059+08:00  WARN 96681 --- [l-1 housekeeper] com.zaxxer.hikari.pool.HikariPool        : HikariPool-1 - Thread starvation or clock leap detected (housekeeper delta=57m48s295ms).
2026-05-10T23:30:52.330+08:00  WARN 96681 --- [l-1 housekeeper] com.zaxxer.hikari.pool.HikariPool        : HikariPool-1 - Thread starvation or clock leap detected (housekeeper delta=17m33s151ms).
2026-05-10T23:32:12.519+08:00  WARN 96681 --- [l-1 housekeeper] com.zaxxer.hikari.pool.HikariPool        : HikariPool-1 - Thread starvation or clock leap detected (housekeeper delta=1m20s190ms).
2026-05-11T00:20:00.277+08:00  WARN 96681 --- [l-1 housekeeper] com.zaxxer.hikari.pool.HikariPool        : HikariPool-1 - Thread starvation or clock leap detected (housekeeper delta=47m47s757ms).
2026-05-11T00:29:09.178+08:00  WARN 96681 --- [l-1 housekeeper] com.zaxxer.hikari.pool.HikariPool        : HikariPool-1 - Thread starvation or clock leap detected (housekeeper delta=8m38s889ms).
2026-05-11T02:05:29.923+08:00  WARN 96681 --- [l-1 housekeeper] com.zaxxer.hikari.pool.HikariPool        : HikariPool-1 - Thread starvation or clock leap detected (housekeeper delta=1h35m50s742ms).
2026-05-11T03:28:26.435+08:00  WARN 96681 --- [l-1 housekeeper] com.zaxxer.hikari.pool.HikariPool        : HikariPool-1 - Thread starvation or clock leap detected (housekeeper delta=1h22m56s513ms).
2026-05-11T03:44:40.956+08:00  WARN 96681 --- [l-1 housekeeper] com.zaxxer.hikari.pool.HikariPool        : HikariPool-1 - Thread starvation or clock leap detected (housekeeper delta=16m14s521ms).
2026-05-11T05:12:11.045+08:00  WARN 96681 --- [l-1 housekeeper] com.zaxxer.hikari.pool.HikariPool        : HikariPool-1 - Thread starvation or clock leap detected (housekeeper delta=1h27m30s89ms).
2026-05-11T06:32:01.830+08:00  WARN 96681 --- [l-1 housekeeper] com.zaxxer.hikari.pool.HikariPool        : HikariPool-1 - Thread starvation or clock leap detected (housekeeper delta=1h19m50s785ms).
2026-05-11T07:42:00.862+08:00  WARN 96681 --- [l-1 housekeeper] com.zaxxer.hikari.pool.HikariPool        : HikariPool-1 - Thread starvation or clock leap detected (housekeeper delta=1h9m59s32ms).
2026-05-11T09:04:17.147+08:00  WARN 96681 --- [l-1 housekeeper] com.zaxxer.hikari.pool.HikariPool        : HikariPool-1 - Thread starvation or clock leap detected (housekeeper delta=1h22m16s285ms).
2026-05-11T10:00:46.575+08:00  WARN 96681 --- [l-1 housekeeper] com.zaxxer.hikari.pool.HikariPool        : HikariPool-1 - Thread starvation or clock leap detected (housekeeper delta=56m29s427ms).
2026-05-11T10:22:19.572+08:00  WARN 96681 --- [l-1 housekeeper] com.zaxxer.hikari.pool.HikariPool        : HikariPool-1 - Thread starvation or clock leap detected (housekeeper delta=18m32s987ms).
2026-05-11T10:39:05.965+08:00  WARN 96681 --- [l-1 housekeeper] com.zaxxer.hikari.pool.HikariPool        : HikariPool-1 - Thread starvation or clock leap detected (housekeeper delta=15m46s397ms).
2026-05-11T12:19:13.233+08:00  WARN 96681 --- [l-1 housekeeper] com.zaxxer.hikari.pool.HikariPool        : HikariPool-1 - Thread starvation or clock leap detected (housekeeper delta=1h40m7s268ms).
2026-05-11T13:12:28.753+08:00  WARN 96681 --- [l-1 housekeeper] com.zaxxer.hikari.pool.HikariPool        : HikariPool-1 - Thread starvation or clock leap detected (housekeeper delta=53m15s519ms).
2026-05-11T14:16:56.911+08:00  WARN 96681 --- [l-1 housekeeper] com.zaxxer.hikari.pool.HikariPool        : HikariPool-1 - Thread starvation or clock leap detected (housekeeper delta=1h4m28s159ms).
2026-05-11T15:27:43.196+08:00  WARN 96681 --- [l-1 housekeeper] com.zaxxer.hikari.pool.HikariPool        : HikariPool-1 - Thread starvation or clock leap detected (housekeeper delta=1h10m46s284ms).
2026-05-11T16:28:42.764+08:00  WARN 96681 --- [l-1 housekeeper] com.zaxxer.hikari.pool.HikariPool        : HikariPool-1 - Thread starvation or clock leap detected (housekeeper delta=1h59s569ms).
2026-05-11T17:45:02.051+08:00  WARN 96681 --- [l-1 housekeeper] com.zaxxer.hikari.pool.HikariPool        : HikariPool-1 - Thread starvation or clock leap detected (housekeeper delta=1h16m19s287ms).
2026-05-11T19:18:08.951+08:00  WARN 96681 --- [l-1 housekeeper] com.zaxxer.hikari.pool.HikariPool        : HikariPool-1 - Thread starvation or clock leap detected (housekeeper delta=1h33m6s900ms).
2026-05-11T19:50:38.453+08:00  WARN 96681 --- [l-1 housekeeper] com.zaxxer.hikari.pool.HikariPool        : HikariPool-1 - Thread starvation or clock leap detected (housekeeper delta=32m29s502ms).
2026-05-11T21:30:31.580+08:00  WARN 96681 --- [l-1 housekeeper] com.zaxxer.hikari.pool.HikariPool        : HikariPool-1 - Thread starvation or clock leap detected (housekeeper delta=1h4m22s744ms).
2026-05-11T23:48:33.486+08:00  WARN 96681 --- [l-1 housekeeper] com.zaxxer.hikari.pool.HikariPool        : HikariPool-1 - Thread starvation or clock leap detected (housekeeper delta=15m31s196ms).
2026-05-12T00:06:14.088+08:00  WARN 96681 --- [l-1 housekeeper] com.zaxxer.hikari.pool.HikariPool        : HikariPool-1 - Thread starvation or clock leap detected (housekeeper delta=17m40s602ms).
2026-05-12T01:08:10.690+08:00  WARN 96681 --- [l-1 housekeeper] com.zaxxer.hikari.pool.HikariPool        : HikariPool-1 - Thread starvation or clock leap detected (housekeeper delta=1h1m26s592ms).
2026-05-12T01:34:24.497+08:00  WARN 96681 --- [l-1 housekeeper] com.zaxxer.hikari.pool.HikariPool        : HikariPool-1 - Thread starvation or clock leap detected (housekeeper delta=25m43s792ms).
2026-05-12T03:15:08.576+08:00  WARN 96681 --- [l-1 housekeeper] com.zaxxer.hikari.pool.HikariPool        : HikariPool-1 - Thread starvation or clock leap detected (housekeeper delta=1h40m44s79ms).
2026-05-12T04:05:49.585+08:00  WARN 96681 --- [l-1 housekeeper] com.zaxxer.hikari.pool.HikariPool        : HikariPool-1 - Thread starvation or clock leap detected (housekeeper delta=50m41s8ms).
2026-05-12T04:36:17.953+08:00  WARN 96681 --- [l-1 housekeeper] com.zaxxer.hikari.pool.HikariPool        : HikariPool-1 - Thread starvation or clock leap detected (housekeeper delta=30m28s369ms).
2026-05-12T05:49:02.106+08:00  WARN 96681 --- [l-1 housekeeper] com.zaxxer.hikari.pool.HikariPool        : HikariPool-1 - Thread starvation or clock leap detected (housekeeper delta=1h12m44s153ms).
2026-05-12T06:58:00.889+08:00  WARN 96681 --- [l-1 housekeeper] com.zaxxer.hikari.pool.HikariPool        : HikariPool-1 - Thread starvation or clock leap detected (housekeeper delta=1h8m58s782ms).
2026-05-12T07:14:47.876+08:00  WARN 96681 --- [l-1 housekeeper] com.zaxxer.hikari.pool.HikariPool        : HikariPool-1 - Thread starvation or clock leap detected (housekeeper delta=16m46s988ms).
2026-05-12T08:08:18.433+08:00  WARN 96681 --- [l-1 housekeeper] com.zaxxer.hikari.pool.HikariPool        : HikariPool-1 - Thread starvation or clock leap detected (housekeeper delta=53m30s557ms).
2026-05-12T09:19:01.998+08:00  WARN 96681 --- [l-1 housekeeper] com.zaxxer.hikari.pool.HikariPool        : HikariPool-1 - Thread starvation or clock leap detected (housekeeper delta=1h10m43s565ms).
2026-05-12T11:13:25.700+08:00  WARN 96681 --- [l-1 housekeeper] com.zaxxer.hikari.pool.HikariPool        : HikariPool-1 - Thread starvation or clock leap detected (housekeeper delta=5m52s887ms).
2026-05-12T11:25:03.726+08:00  WARN 96681 --- [l-1 housekeeper] com.zaxxer.hikari.pool.HikariPool        : HikariPool-1 - Thread starvation or clock leap detected (housekeeper delta=10m38s21ms).
2026-05-12T12:12:55.131+08:00  WARN 96681 --- [l-1 housekeeper] com.zaxxer.hikari.pool.HikariPool        : HikariPool-1 - Thread starvation or clock leap detected (housekeeper delta=15m51s223ms).
2026-05-12T12:16:37.128+08:00  WARN 96681 --- [l-1 housekeeper] com.zaxxer.hikari.pool.HikariPool        : HikariPool-1 - Thread starvation or clock leap detected (housekeeper delta=3m41s998ms).
2026-05-12T13:01:30.659+08:00  WARN 96681 --- [l-1 housekeeper] com.zaxxer.hikari.pool.HikariPool        : HikariPool-1 - Thread starvation or clock leap detected (housekeeper delta=53s315ms).
2026-05-12T14:43:42.469+08:00  WARN 96681 --- [l-1 housekeeper] com.zaxxer.hikari.pool.HikariPool        : HikariPool-1 - Thread starvation or clock leap detected (housekeeper delta=8m11s115ms).
2026-05-12T14:59:10.613+08:00  WARN 96681 --- [l-1 housekeeper] com.zaxxer.hikari.pool.HikariPool        : HikariPool-1 - Thread starvation or clock leap detected (housekeeper delta=15m28s146ms).
2026-05-12T16:12:54.215+08:00  WARN 96681 --- [l-1 housekeeper] com.zaxxer.hikari.pool.HikariPool        : HikariPool-1 - Thread starvation or clock leap detected (housekeeper delta=1h13m43s602ms).
2026-05-12T16:29:01.267+08:00  WARN 96681 --- [l-1 housekeeper] com.zaxxer.hikari.pool.HikariPool        : HikariPool-1 - Thread starvation or clock leap detected (housekeeper delta=16m7s52ms).
2026-05-12T16:49:17.664+08:00  WARN 96681 --- [l-1 housekeeper] com.zaxxer.hikari.pool.HikariPool        : HikariPool-1 - Thread starvation or clock leap detected (housekeeper delta=20m16s397ms).
2026-05-12T18:04:51.764+08:00  WARN 96681 --- [l-1 housekeeper] com.zaxxer.hikari.pool.HikariPool        : HikariPool-1 - Thread starvation or clock leap detected (housekeeper delta=1h15m34s100ms).
2026-05-12T19:39:04.595+08:00  WARN 96681 --- [l-1 housekeeper] com.zaxxer.hikari.pool.HikariPool        : HikariPool-1 - Thread starvation or clock leap detected (housekeeper delta=17m12s236ms).
2026-05-12T19:48:01.717+08:00  WARN 96681 --- [l-1 housekeeper] com.zaxxer.hikari.pool.HikariPool        : HikariPool-1 - Thread starvation or clock leap detected (housekeeper delta=8m57s124ms).
2026-05-12T19:50:15.372+08:00  WARN 96681 --- [l-1 housekeeper] com.zaxxer.hikari.pool.HikariPool        : HikariPool-1 - Thread starvation or clock leap detected (housekeeper delta=2m13s654ms).
2026-05-12T20:26:00.229+08:00  WARN 96681 --- [l-1 housekeeper] com.zaxxer.hikari.pool.HikariPool        : HikariPool-1 - Thread starvation or clock leap detected (housekeeper delta=35m44s858ms).
2026-05-12T21:32:44.066+08:00  WARN 96681 --- [l-1 housekeeper] com.zaxxer.hikari.pool.HikariPool        : HikariPool-1 - Thread starvation or clock leap detected (housekeeper delta=1h6m43s837ms).
2026-05-12T22:13:16.032+08:00  WARN 96681 --- [l-1 housekeeper] com.zaxxer.hikari.pool.HikariPool        : HikariPool-1 - Thread starvation or clock leap detected (housekeeper delta=40m31s966ms).
2026-05-12T23:15:40.935+08:00  WARN 96681 --- [l-1 housekeeper] com.zaxxer.hikari.pool.HikariPool        : HikariPool-1 - Thread starvation or clock leap detected (housekeeper delta=8m54s546ms).
2026-05-12T23:34:59.355+08:00  WARN 96681 --- [l-1 housekeeper] com.zaxxer.hikari.pool.HikariPool        : HikariPool-1 - Thread starvation or clock leap detected (housekeeper delta=17m48s406ms).
2026-05-13T00:39:25.430+08:00  WARN 96681 --- [l-1 housekeeper] com.zaxxer.hikari.pool.HikariPool        : HikariPool-1 - Thread starvation or clock leap detected (housekeeper delta=1h3m56s71ms).
2026-05-13T01:53:14.844+08:00  WARN 96681 --- [l-1 housekeeper] com.zaxxer.hikari.pool.HikariPool        : HikariPool-1 - Thread starvation or clock leap detected (housekeeper delta=1h13m49s414ms).
2026-05-13T03:03:41.612+08:00  WARN 96681 --- [l-1 housekeeper] com.zaxxer.hikari.pool.HikariPool        : HikariPool-1 - Thread starvation or clock leap detected (housekeeper delta=1h10m26s768ms).
2026-05-13T03:24:48.866+08:00  WARN 96681 --- [l-1 housekeeper] com.zaxxer.hikari.pool.HikariPool        : HikariPool-1 - Thread starvation or clock leap detected (housekeeper delta=21m7s254ms).
2026-05-13T05:08:26.513+08:00  WARN 96681 --- [l-1 housekeeper] com.zaxxer.hikari.pool.HikariPool        : HikariPool-1 - Thread starvation or clock leap detected (housekeeper delta=1h43m37s647ms).
2026-05-13T06:22:36.224+08:00  WARN 96681 --- [l-1 housekeeper] com.zaxxer.hikari.pool.HikariPool        : HikariPool-1 - Thread starvation or clock leap detected (housekeeper delta=1h14m9s711ms).
2026-05-13T06:23:53.046+08:00  WARN 96681 --- [l-1 housekeeper] com.zaxxer.hikari.pool.HikariPool        : HikariPool-1 - Thread starvation or clock leap detected (housekeeper delta=1m16s822ms).
2026-05-13T06:40:53.711+08:00  WARN 96681 --- [l-1 housekeeper] com.zaxxer.hikari.pool.HikariPool        : HikariPool-1 - Thread starvation or clock leap detected (housekeeper delta=16m30s653ms).
2026-05-13T07:17:45.603+08:00  WARN 96681 --- [l-1 housekeeper] com.zaxxer.hikari.pool.HikariPool        : HikariPool-1 - Thread starvation or clock leap detected (housekeeper delta=36m51s892ms).
2026-05-13T08:35:13.820+08:00  WARN 96681 --- [l-1 housekeeper] com.zaxxer.hikari.pool.HikariPool        : HikariPool-1 - Thread starvation or clock leap detected (housekeeper delta=1h17m28s217ms).
2026-05-13T09:11:15.224+08:00  WARN 96681 --- [l-1 housekeeper] com.zaxxer.hikari.pool.HikariPool        : HikariPool-1 - Thread starvation or clock leap detected (housekeeper delta=36m1s404ms).
2026-05-13T09:25:52.674+08:00  WARN 96681 --- [l-1 housekeeper] com.zaxxer.hikari.pool.HikariPool        : HikariPool-1 - Thread starvation or clock leap detected (housekeeper delta=14m37s450ms).
2026-05-13T09:44:43.513+08:00  WARN 96681 --- [l-1 housekeeper] com.zaxxer.hikari.pool.HikariPool        : HikariPool-1 - Thread starvation or clock leap detected (housekeeper delta=18m20s834ms).
2026-05-13T09:46:30.854+08:00  WARN 96681 --- [l-1 housekeeper] com.zaxxer.hikari.pool.HikariPool        : HikariPool-1 - Thread starvation or clock leap detected (housekeeper delta=1m47s341ms).
2026-05-13T09:58:46.431+08:00  WARN 96681 --- [l-1 housekeeper] com.zaxxer.hikari.pool.HikariPool        : HikariPool-1 - Thread starvation or clock leap detected (housekeeper delta=1m45s464ms).
2026-05-13T11:13:27.706+08:00  WARN 96681 --- [l-1 housekeeper] com.zaxxer.hikari.pool.HikariPool        : HikariPool-1 - Thread starvation or clock leap detected (housekeeper delta=1m56s721ms).
2026-05-13T11:16:51.313+08:00  WARN 96681 --- [l-1 housekeeper] com.zaxxer.hikari.pool.HikariPool        : HikariPool-1 - Thread starvation or clock leap detected (housekeeper delta=53s609ms).
2026-05-13T13:08:30.617+08:00  WARN 96681 --- [l-1 housekeeper] com.zaxxer.hikari.pool.HikariPool        : HikariPool-1 - Thread starvation or clock leap detected (housekeeper delta=1h41m9s239ms).
2026-05-13T14:09:25.757+08:00  WARN 96681 --- [l-1 housekeeper] com.zaxxer.hikari.pool.HikariPool        : HikariPool-1 - Thread starvation or clock leap detected (housekeeper delta=1h55s140ms).
2026-05-13T14:20:03.748+08:00  WARN 96681 --- [l-1 housekeeper] com.zaxxer.hikari.pool.HikariPool        : HikariPool-1 - Thread starvation or clock leap detected (housekeeper delta=8m7s970ms).
2026-05-13T14:36:30.972+08:00  WARN 96681 --- [l-1 housekeeper] com.zaxxer.hikari.pool.HikariPool        : HikariPool-1 - Thread starvation or clock leap detected (housekeeper delta=2m23s18ms).
2026-05-13T15:43:26.752+08:00  WARN 96681 --- [l-1 housekeeper] com.zaxxer.hikari.pool.HikariPool        : HikariPool-1 - Thread starvation or clock leap detected (housekeeper delta=1h5m55s769ms).
2026-05-13T16:16:44.193+08:00  WARN 96681 --- [l-1 housekeeper] com.zaxxer.hikari.pool.HikariPool        : HikariPool-1 - Thread starvation or clock leap detected (housekeeper delta=32m47s431ms).
2026-05-13T16:28:05.697+08:00  WARN 96681 --- [l-1 housekeeper] com.zaxxer.hikari.pool.HikariPool        : HikariPool-1 - Thread starvation or clock leap detected (housekeeper delta=11m21s504ms).
2026-05-13T16:52:34.094+08:00  WARN 96681 --- [l-1 housekeeper] com.zaxxer.hikari.pool.HikariPool        : HikariPool-1 - Thread starvation or clock leap detected (housekeeper delta=9m58s300ms).
2026-05-13T18:15:55.608+08:00  WARN 96681 --- [l-1 housekeeper] com.zaxxer.hikari.pool.HikariPool        : HikariPool-1 - Thread starvation or clock leap detected (housekeeper delta=1h23m21s514ms).
2026-05-13T19:24:29.914+08:00  WARN 96681 --- [l-1 housekeeper] com.zaxxer.hikari.pool.HikariPool        : HikariPool-1 - Thread starvation or clock leap detected (housekeeper delta=1h8m34s306ms).
2026-05-13T19:54:21.666+08:00  WARN 96681 --- [l-1 housekeeper] com.zaxxer.hikari.pool.HikariPool        : HikariPool-1 - Thread starvation or clock leap detected (housekeeper delta=29m51s752ms).
2026-05-13T21:11:56.757+08:00  WARN 96681 --- [l-1 housekeeper] com.zaxxer.hikari.pool.HikariPool        : HikariPool-1 - Thread starvation or clock leap detected (housekeeper delta=1h17m35s91ms).
2026-05-13T21:50:22.512+08:00  WARN 96681 --- [l-1 housekeeper] com.zaxxer.hikari.pool.HikariPool        : HikariPool-1 - Thread starvation or clock leap detected (housekeeper delta=38m25s755ms).
2026-05-13T22:27:09.288+08:00  WARN 96681 --- [l-1 housekeeper] com.zaxxer.hikari.pool.HikariPool        : HikariPool-1 - Thread starvation or clock leap detected (housekeeper delta=32m16s741ms).
2026-05-13T23:51:08.946+08:00  WARN 96681 --- [l-1 housekeeper] com.zaxxer.hikari.pool.HikariPool        : HikariPool-1 - Thread starvation or clock leap detected (housekeeper delta=1h23m59s658ms).
2026-05-14T00:57:09.246+08:00  WARN 96681 --- [l-1 housekeeper] com.zaxxer.hikari.pool.HikariPool        : HikariPool-1 - Thread starvation or clock leap detected (housekeeper delta=1h6m300ms).
2026-05-14T02:20:30.418+08:00  WARN 96681 --- [l-1 housekeeper] com.zaxxer.hikari.pool.HikariPool        : HikariPool-1 - Thread starvation or clock leap detected (housekeeper delta=1h23m21s172ms).
2026-05-14T03:48:08.698+08:00  WARN 96681 --- [l-1 housekeeper] com.zaxxer.hikari.pool.HikariPool        : HikariPool-1 - Thread starvation or clock leap detected (housekeeper delta=1h27m38s280ms).
2026-05-14T04:06:13.232+08:00  WARN 96681 --- [l-1 housekeeper] com.zaxxer.hikari.pool.HikariPool        : HikariPool-1 - Thread starvation or clock leap detected (housekeeper delta=18m4s534ms).
2026-05-14T04:39:42.581+08:00  WARN 96681 --- [l-1 housekeeper] com.zaxxer.hikari.pool.HikariPool        : HikariPool-1 - Thread starvation or clock leap detected (housekeeper delta=33m29s349ms).
2026-05-14T05:44:48.922+08:00  WARN 96681 --- [l-1 housekeeper] com.zaxxer.hikari.pool.HikariPool        : HikariPool-1 - Thread starvation or clock leap detected (housekeeper delta=1h5m6s341ms).
2026-05-14T06:55:46.674+08:00  WARN 96681 --- [l-1 housekeeper] com.zaxxer.hikari.pool.HikariPool        : HikariPool-1 - Thread starvation or clock leap detected (housekeeper delta=1h10m57s752ms).
2026-05-14T07:56:53.326+08:00  WARN 96681 --- [l-1 housekeeper] com.zaxxer.hikari.pool.HikariPool        : HikariPool-1 - Thread starvation or clock leap detected (housekeeper delta=1h1m6s652ms).
2026-05-14T08:47:59.385+08:00  WARN 96681 --- [l-1 housekeeper] com.zaxxer.hikari.pool.HikariPool        : HikariPool-1 - Thread starvation or clock leap detected (housekeeper delta=51m6s59ms).
2026-05-14T09:58:49.511+08:00  WARN 96681 --- [l-1 housekeeper] com.zaxxer.hikari.pool.HikariPool        : HikariPool-1 - Thread starvation or clock leap detected (housekeeper delta=1h10m50s126ms).
2026-05-14T10:15:34.056+08:00  WARN 96681 --- [l-1 housekeeper] com.zaxxer.hikari.pool.HikariPool        : HikariPool-1 - Thread starvation or clock leap detected (housekeeper delta=16m44s545ms).
2026-05-14T11:32:22.838+08:00  WARN 96681 --- [l-1 housekeeper] com.zaxxer.hikari.pool.HikariPool        : HikariPool-1 - Thread starvation or clock leap detected (housekeeper delta=1h16m48s782ms).
2026-05-14T12:36:02.080+08:00  WARN 96681 --- [l-1 housekeeper] com.zaxxer.hikari.pool.HikariPool        : HikariPool-1 - Thread starvation or clock leap detected (housekeeper delta=1h3m39s242ms).
2026-05-14T13:48:51.407+08:00  WARN 96681 --- [l-1 housekeeper] com.zaxxer.hikari.pool.HikariPool        : HikariPool-1 - Thread starvation or clock leap detected (housekeeper delta=1h12m49s327ms).
2026-05-14T15:03:51.699+08:00  WARN 96681 --- [l-1 housekeeper] com.zaxxer.hikari.pool.HikariPool        : HikariPool-1 - Thread starvation or clock leap detected (housekeeper delta=1h15m292ms).
2026-05-14T16:21:13.823+08:00  WARN 96681 --- [l-1 housekeeper] com.zaxxer.hikari.pool.HikariPool        : HikariPool-1 - Thread starvation or clock leap detected (housekeeper delta=1h17m22s124ms).
2026-05-14T17:52:40.683+08:00  WARN 96681 --- [l-1 housekeeper] com.zaxxer.hikari.pool.HikariPool        : HikariPool-1 - Thread starvation or clock leap detected (housekeeper delta=1h31m26s860ms).
2026-05-14T18:55:01.494+08:00  WARN 96681 --- [l-1 housekeeper] com.zaxxer.hikari.pool.HikariPool        : HikariPool-1 - Thread starvation or clock leap detected (housekeeper delta=1h2m20s811ms).
2026-05-14T19:55:12.867+08:00  WARN 96681 --- [l-1 housekeeper] com.zaxxer.hikari.pool.HikariPool        : HikariPool-1 - Thread starvation or clock leap detected (housekeeper delta=48m41s278ms).
2026-05-14T20:30:43.736+08:00  WARN 96681 --- [l-1 housekeeper] com.zaxxer.hikari.pool.HikariPool        : HikariPool-1 - Thread starvation or clock leap detected (housekeeper delta=35m30s869ms).
2026-05-14T21:40:53.971+08:00  WARN 96681 --- [l-1 housekeeper] com.zaxxer.hikari.pool.HikariPool        : HikariPool-1 - Thread starvation or clock leap detected (housekeeper delta=1h10m10s235ms).
2026-05-14T22:55:14.132+08:00  WARN 96681 --- [l-1 housekeeper] com.zaxxer.hikari.pool.HikariPool        : HikariPool-1 - Thread starvation or clock leap detected (housekeeper delta=1h14m20s161ms).
2026-05-15T00:10:46.381+08:00  WARN 96681 --- [l-1 housekeeper] com.zaxxer.hikari.pool.HikariPool        : HikariPool-1 - Thread starvation or clock leap detected (housekeeper delta=1h15m32s249ms).
2026-05-15T01:50:21.565+08:00  WARN 96681 --- [l-1 housekeeper] com.zaxxer.hikari.pool.HikariPool        : HikariPool-1 - Thread starvation or clock leap detected (housekeeper delta=1h39m35s184ms).
2026-05-15T03:11:28.051+08:00  WARN 96681 --- [l-1 housekeeper] com.zaxxer.hikari.pool.HikariPool        : HikariPool-1 - Thread starvation or clock leap detected (housekeeper delta=1h21m6s486ms).
2026-05-15T04:02:49.344+08:00  WARN 96681 --- [l-1 housekeeper] com.zaxxer.hikari.pool.HikariPool        : HikariPool-1 - Thread starvation or clock leap detected (housekeeper delta=50m51s289ms).
2026-05-15T04:27:17.973+08:00  WARN 96681 --- [l-1 housekeeper] com.zaxxer.hikari.pool.HikariPool        : HikariPool-1 - Thread starvation or clock leap detected (housekeeper delta=24m28s629ms).
2026-05-15T04:58:54.824+08:00  WARN 96681 --- [l-1 housekeeper] com.zaxxer.hikari.pool.HikariPool        : HikariPool-1 - Thread starvation or clock leap detected (housekeeper delta=31m36s851ms).
2026-05-15T06:05:21.370+08:00  WARN 96681 --- [l-1 housekeeper] com.zaxxer.hikari.pool.HikariPool        : HikariPool-1 - Thread starvation or clock leap detected (housekeeper delta=1h5m56s603ms).
2026-05-15T06:27:12.596+08:00  WARN 96681 --- [l-1 housekeeper] com.zaxxer.hikari.pool.HikariPool        : HikariPool-1 - Thread starvation or clock leap detected (housekeeper delta=21m51s226ms).
2026-05-15T06:45:39.057+08:00  WARN 96681 --- [l-1 housekeeper] com.zaxxer.hikari.pool.HikariPool        : HikariPool-1 - Thread starvation or clock leap detected (housekeeper delta=18m26s461ms).
2026-05-15T07:42:07.040+08:00  WARN 96681 --- [l-1 housekeeper] com.zaxxer.hikari.pool.HikariPool        : HikariPool-1 - Thread starvation or clock leap detected (housekeeper delta=56m27s983ms).
2026-05-15T07:53:29.649+08:00  WARN 96681 --- [l-1 housekeeper] com.zaxxer.hikari.pool.HikariPool        : HikariPool-1 - Thread starvation or clock leap detected (housekeeper delta=11m22s609ms).
2026-05-15T08:12:28.394+08:00  WARN 96681 --- [l-1 housekeeper] com.zaxxer.hikari.pool.HikariPool        : HikariPool-1 - Thread starvation or clock leap detected (housekeeper delta=17m28s728ms).
2026-05-15T08:41:59.970+08:00  WARN 96681 --- [l-1 housekeeper] com.zaxxer.hikari.pool.HikariPool        : HikariPool-1 - Thread starvation or clock leap detected (housekeeper delta=20m1s497ms).
2026-05-15T09:20:10.911+08:00  WARN 96681 --- [l-1 housekeeper] com.zaxxer.hikari.pool.HikariPool        : HikariPool-1 - Thread starvation or clock leap detected (housekeeper delta=38m10s941ms).
2026-05-15T09:34:44.796+08:00  WARN 96681 --- [l-1 housekeeper] com.zaxxer.hikari.pool.HikariPool        : HikariPool-1 - Thread starvation or clock leap detected (housekeeper delta=6m33s804ms).
2026-05-15T10:35:20.766+08:00  WARN 96681 --- [l-1 housekeeper] com.zaxxer.hikari.pool.HikariPool        : HikariPool-1 - Thread starvation or clock leap detected (housekeeper delta=56m5s926ms).
2026-05-15T11:42:33.818+08:00  WARN 96681 --- [l-1 housekeeper] com.zaxxer.hikari.pool.HikariPool        : HikariPool-1 - Thread starvation or clock leap detected (housekeeper delta=1h6m43s38ms).
2026-05-15T12:40:10.091+08:00  WARN 96681 --- [l-1 housekeeper] com.zaxxer.hikari.pool.HikariPool        : HikariPool-1 - Thread starvation or clock leap detected (housekeeper delta=57m36s273ms).
2026-05-15T13:51:13.302+08:00  WARN 96681 --- [l-1 housekeeper] com.zaxxer.hikari.pool.HikariPool        : HikariPool-1 - Thread starvation or clock leap detected (housekeeper delta=1h11m3s211ms).
2026-05-15T15:09:52.420+08:00  WARN 96681 --- [l-1 housekeeper] com.zaxxer.hikari.pool.HikariPool        : HikariPool-1 - Thread starvation or clock leap detected (housekeeper delta=1h18m39s118ms).
2026-05-15T16:22:35.650+08:00  WARN 96681 --- [l-1 housekeeper] com.zaxxer.hikari.pool.HikariPool        : HikariPool-1 - Thread starvation or clock leap detected (housekeeper delta=1h12m43s230ms).
2026-05-15T17:40:15.768+08:00  WARN 96681 --- [l-1 housekeeper] com.zaxxer.hikari.pool.HikariPool        : HikariPool-1 - Thread starvation or clock leap detected (housekeeper delta=1h17m40s118ms).
2026-05-15T18:40:58.987+08:00  WARN 96681 --- [l-1 housekeeper] com.zaxxer.hikari.pool.HikariPool        : HikariPool-1 - Thread starvation or clock leap detected (housekeeper delta=1h43s219ms).
2026-05-15T20:14:11.945+08:00  WARN 96681 --- [l-1 housekeeper] com.zaxxer.hikari.pool.HikariPool        : HikariPool-1 - Thread starvation or clock leap detected (housekeeper delta=1h33m12s958ms).
2026-05-15T20:53:17.603+08:00  WARN 96681 --- [l-1 housekeeper] com.zaxxer.hikari.pool.HikariPool        : HikariPool-1 - Thread starvation or clock leap detected (housekeeper delta=39m5s658ms).
2026-05-15T20:59:21.790+08:00  WARN 96681 --- [l-1 housekeeper] com.zaxxer.hikari.pool.HikariPool        : HikariPool-1 - Thread starvation or clock leap detected (housekeeper delta=6m4s187ms).
2026-05-15T21:08:30.838+08:00  WARN 96681 --- [l-1 housekeeper] com.zaxxer.hikari.pool.HikariPool        : HikariPool-1 - Thread starvation or clock leap detected (housekeeper delta=8m39s36ms).
2026-05-15T21:15:33.007+08:00  WARN 96681 --- [l-1 housekeeper] com.zaxxer.hikari.pool.HikariPool        : HikariPool-1 - Thread starvation or clock leap detected (housekeeper delta=7m2s169ms).
2026-05-15T22:46:32.289+08:00  WARN 96681 --- [l-1 housekeeper] com.zaxxer.hikari.pool.HikariPool        : HikariPool-1 - Thread starvation or clock leap detected (housekeeper delta=15m28s767ms).
2026-05-15T23:02:30.491+08:00  WARN 96681 --- [l-1 housekeeper] com.zaxxer.hikari.pool.HikariPool        : HikariPool-1 - Thread starvation or clock leap detected (housekeeper delta=15m28s201ms).
2026-05-15T23:18:28.467+08:00  WARN 96681 --- [l-1 housekeeper] com.zaxxer.hikari.pool.HikariPool        : HikariPool-1 - Thread starvation or clock leap detected (housekeeper delta=15m27s994ms).
2026-05-15T23:33:56.457+08:00  WARN 96681 --- [l-1 housekeeper] com.zaxxer.hikari.pool.HikariPool        : HikariPool-1 - Thread starvation or clock leap detected (housekeeper delta=15m27s990ms).
2026-05-15T23:49:55.203+08:00  WARN 96681 --- [l-1 housekeeper] com.zaxxer.hikari.pool.HikariPool        : HikariPool-1 - Thread starvation or clock leap detected (housekeeper delta=15m28s728ms).
2026-05-16T00:05:56.230+08:00  WARN 96681 --- [l-1 housekeeper] com.zaxxer.hikari.pool.HikariPool        : HikariPool-1 - Thread starvation or clock leap detected (housekeeper delta=15m31s19ms).
2026-05-16T00:23:45.249+08:00  WARN 96681 --- [l-1 housekeeper] com.zaxxer.hikari.pool.HikariPool        : HikariPool-1 - Thread starvation or clock leap detected (housekeeper delta=17m49s19ms).
2026-05-16T00:28:58.241+08:00  WARN 96681 --- [l-1 housekeeper] com.zaxxer.hikari.pool.HikariPool        : HikariPool-1 - Thread starvation or clock leap detected (housekeeper delta=4m43s11ms).
2026-05-16T00:32:11.305+08:00  WARN 96681 --- [l-1 housekeeper] com.zaxxer.hikari.pool.HikariPool        : HikariPool-1 - Thread starvation or clock leap detected (housekeeper delta=2m13s54ms).
2026-05-16T00:50:50.237+08:00  WARN 96681 --- [l-1 housekeeper] com.zaxxer.hikari.pool.HikariPool        : HikariPool-1 - Thread starvation or clock leap detected (housekeeper delta=18m8s921ms).
2026-05-16T01:08:18.199+08:00  WARN 96681 --- [l-1 housekeeper] com.zaxxer.hikari.pool.HikariPool        : HikariPool-1 - Thread starvation or clock leap detected (housekeeper delta=17m27s963ms).
2026-05-16T01:26:03.121+08:00  WARN 96681 --- [l-1 housekeeper] com.zaxxer.hikari.pool.HikariPool        : HikariPool-1 - Thread starvation or clock leap detected (housekeeper delta=17m14s916ms).
2026-05-16T01:42:15.239+08:00  WARN 96681 --- [l-1 housekeeper] com.zaxxer.hikari.pool.HikariPool        : HikariPool-1 - Thread starvation or clock leap detected (housekeeper delta=15m42s107ms).
2026-05-16T01:59:39.795+08:00  WARN 96681 --- [l-1 housekeeper] com.zaxxer.hikari.pool.HikariPool        : HikariPool-1 - Thread starvation or clock leap detected (housekeeper delta=16m54s543ms).
2026-05-16T02:17:29.648+08:00  WARN 96681 --- [l-1 housekeeper] com.zaxxer.hikari.pool.HikariPool        : HikariPool-1 - Thread starvation or clock leap detected (housekeeper delta=16m19s843ms).
2026-05-16T02:36:07.739+08:00  WARN 96681 --- [l-1 housekeeper] com.zaxxer.hikari.pool.HikariPool        : HikariPool-1 - Thread starvation or clock leap detected (housekeeper delta=15m38s43ms).
2026-05-16T02:53:18.583+08:00  WARN 96681 --- [l-1 housekeeper] com.zaxxer.hikari.pool.HikariPool        : HikariPool-1 - Thread starvation or clock leap detected (housekeeper delta=16m40s831ms).
2026-05-16T03:09:53.512+08:00  WARN 96681 --- [l-1 housekeeper] com.zaxxer.hikari.pool.HikariPool        : HikariPool-1 - Thread starvation or clock leap detected (housekeeper delta=16m4s945ms).
2026-05-16T03:25:22.450+08:00  WARN 96681 --- [l-1 housekeeper] com.zaxxer.hikari.pool.HikariPool        : HikariPool-1 - Thread starvation or clock leap detected (housekeeper delta=15m28s938ms).
2026-05-16T03:42:02.503+08:00  WARN 96681 --- [l-1 housekeeper] com.zaxxer.hikari.pool.HikariPool        : HikariPool-1 - Thread starvation or clock leap detected (housekeeper delta=16m10s19ms).
2026-05-16T03:58:02.295+08:00  WARN 96681 --- [l-1 housekeeper] com.zaxxer.hikari.pool.HikariPool        : HikariPool-1 - Thread starvation or clock leap detected (housekeeper delta=15m29s780ms).
2026-05-16T04:15:09.272+08:00  WARN 96681 --- [l-1 housekeeper] com.zaxxer.hikari.pool.HikariPool        : HikariPool-1 - Thread starvation or clock leap detected (housekeeper delta=16m36s963ms).
2026-05-16T04:29:14.276+08:00  WARN 96681 --- [l-1 housekeeper] com.zaxxer.hikari.pool.HikariPool        : HikariPool-1 - Thread starvation or clock leap detected (housekeeper delta=14m5s4ms).
2026-05-16T04:45:42.332+08:00  WARN 96681 --- [l-1 housekeeper] com.zaxxer.hikari.pool.HikariPool        : HikariPool-1 - Thread starvation or clock leap detected (housekeeper delta=15m58s51ms).
2026-05-16T05:01:17.300+08:00  WARN 96681 --- [l-1 housekeeper] com.zaxxer.hikari.pool.HikariPool        : HikariPool-1 - Thread starvation or clock leap detected (housekeeper delta=15m34s968ms).
2026-05-16T05:06:28.272+08:00  WARN 96681 --- [l-1 housekeeper] com.zaxxer.hikari.pool.HikariPool        : HikariPool-1 - Thread starvation or clock leap detected (housekeeper delta=4m40s966ms).
2026-05-16T05:23:04.387+08:00  WARN 96681 --- [l-1 housekeeper] com.zaxxer.hikari.pool.HikariPool        : HikariPool-1 - Thread starvation or clock leap detected (housekeeper delta=16m36s115ms).
2026-05-16T05:39:45.363+08:00  WARN 96681 --- [l-1 housekeeper] com.zaxxer.hikari.pool.HikariPool        : HikariPool-1 - Thread starvation or clock leap detected (housekeeper delta=16m10s969ms).
2026-05-16T05:56:01.668+08:00  WARN 96681 --- [l-1 housekeeper] com.zaxxer.hikari.pool.HikariPool        : HikariPool-1 - Thread starvation or clock leap detected (housekeeper delta=15m46s301ms).
2026-05-16T06:13:31.692+08:00  WARN 96681 --- [l-1 housekeeper] com.zaxxer.hikari.pool.HikariPool        : HikariPool-1 - Thread starvation or clock leap detected (housekeeper delta=17m30s24ms).
2026-05-16T06:30:26.675+08:00  WARN 96681 --- [l-1 housekeeper] com.zaxxer.hikari.pool.HikariPool        : HikariPool-1 - Thread starvation or clock leap detected (housekeeper delta=16m24s971ms).
2026-05-16T06:47:17.695+08:00  WARN 96681 --- [l-1 housekeeper] com.zaxxer.hikari.pool.HikariPool        : HikariPool-1 - Thread starvation or clock leap detected (housekeeper delta=16m51s20ms).
2026-05-16T07:03:34.719+08:00  WARN 96681 --- [l-1 housekeeper] com.zaxxer.hikari.pool.HikariPool        : HikariPool-1 - Thread starvation or clock leap detected (housekeeper delta=15m47s10ms).
2026-05-16T07:19:05.734+08:00  WARN 96681 --- [l-1 housekeeper] com.zaxxer.hikari.pool.HikariPool        : HikariPool-1 - Thread starvation or clock leap detected (housekeeper delta=15m31s15ms).
2026-05-16T07:31:18.752+08:00  WARN 96681 --- [l-1 housekeeper] com.zaxxer.hikari.pool.HikariPool        : HikariPool-1 - Thread starvation or clock leap detected (housekeeper delta=11m43s5ms).
2026-05-16T07:47:42.507+08:00  WARN 96681 --- [l-1 housekeeper] com.zaxxer.hikari.pool.HikariPool        : HikariPool-1 - Thread starvation or clock leap detected (housekeeper delta=15m53s760ms).
2026-05-16T08:05:33.457+08:00  WARN 96681 --- [l-1 housekeeper] com.zaxxer.hikari.pool.HikariPool        : HikariPool-1 - Thread starvation or clock leap detected (housekeeper delta=17m20s959ms).
2026-05-16T08:30:33.422+08:00  WARN 96681 --- [l-1 housekeeper] com.zaxxer.hikari.pool.HikariPool        : HikariPool-1 - Thread starvation or clock leap detected (housekeeper delta=24m59s965ms).
2026-05-16T09:33:05.792+08:00  WARN 96681 --- [l-1 housekeeper] com.zaxxer.hikari.pool.HikariPool        : HikariPool-1 - Thread starvation or clock leap detected (housekeeper delta=1h2m32s370ms).
2026-05-16T10:49:24.969+08:00  WARN 96681 --- [l-1 housekeeper] com.zaxxer.hikari.pool.HikariPool        : HikariPool-1 - Thread starvation or clock leap detected (housekeeper delta=1h16m19s177ms).
2026-05-16T11:23:37.388+08:00  WARN 96681 --- [l-1 housekeeper] com.zaxxer.hikari.pool.HikariPool        : HikariPool-1 - Thread starvation or clock leap detected (housekeeper delta=34m12s419ms).
2026-05-16T11:32:45.766+08:00  WARN 96681 --- [l-1 housekeeper] com.zaxxer.hikari.pool.HikariPool        : HikariPool-1 - Thread starvation or clock leap detected (housekeeper delta=8m38s370ms).
2026-05-16T12:36:05.873+08:00  WARN 96681 --- [l-1 housekeeper] com.zaxxer.hikari.pool.HikariPool        : HikariPool-1 - Thread starvation or clock leap detected (housekeeper delta=1h2m50s99ms).
2026-05-16T13:37:05.042+08:00  WARN 96681 --- [l-1 housekeeper] com.zaxxer.hikari.pool.HikariPool        : HikariPool-1 - Thread starvation or clock leap detected (housekeeper delta=1h59s168ms).
2026-05-16T13:55:04.756+08:00  WARN 96681 --- [l-1 housekeeper] com.zaxxer.hikari.pool.HikariPool        : HikariPool-1 - Thread starvation or clock leap detected (housekeeper delta=17m29s710ms).
2026-05-16T15:12:56.566+08:00  WARN 96681 --- [l-1 housekeeper] com.zaxxer.hikari.pool.HikariPool        : HikariPool-1 - Thread starvation or clock leap detected (housekeeper delta=29m21s273ms).
2026-05-16T16:59:31.316+08:00  WARN 96681 --- [l-1 housekeeper] com.zaxxer.hikari.pool.HikariPool        : HikariPool-1 - Thread starvation or clock leap detected (housekeeper delta=20m33s860ms).
2026-05-16T17:17:38.632+08:00  WARN 96681 --- [l-1 housekeeper] com.zaxxer.hikari.pool.HikariPool        : HikariPool-1 - Thread starvation or clock leap detected (housekeeper delta=17m37s312ms).
2026-05-16T18:25:56.586+08:00  WARN 96681 --- [l-1 housekeeper] com.zaxxer.hikari.pool.HikariPool        : HikariPool-1 - Thread starvation or clock leap detected (housekeeper delta=1h7m47s945ms).
2026-05-16T18:58:52.921+08:00  WARN 96681 --- [l-1 housekeeper] com.zaxxer.hikari.pool.HikariPool        : HikariPool-1 - Thread starvation or clock leap detected (housekeeper delta=32m56s335ms).
2026-05-16T21:04:18.628+08:00  WARN 96681 --- [l-1 housekeeper] com.zaxxer.hikari.pool.HikariPool        : HikariPool-1 - Thread starvation or clock leap detected (housekeeper delta=1h5m25s122ms).
2026-05-16T22:15:39.821+08:00  WARN 96681 --- [l-1 housekeeper] com.zaxxer.hikari.pool.HikariPool        : HikariPool-1 - Thread starvation or clock leap detected (housekeeper delta=1h11m21s193ms).
2026-05-16T23:32:20.124+08:00  WARN 96681 --- [l-1 housekeeper] com.zaxxer.hikari.pool.HikariPool        : HikariPool-1 - Thread starvation or clock leap detected (housekeeper delta=1h16m40s303ms).
2026-05-17T00:49:50.256+08:00  WARN 96681 --- [l-1 housekeeper] com.zaxxer.hikari.pool.HikariPool        : HikariPool-1 - Thread starvation or clock leap detected (housekeeper delta=1h17m30s132ms).
2026-05-17T02:25:49.332+08:00  WARN 96681 --- [l-1 housekeeper] com.zaxxer.hikari.pool.HikariPool        : HikariPool-1 - Thread starvation or clock leap detected (housekeeper delta=1h35m59s76ms).
2026-05-17T03:46:33.807+08:00  WARN 96681 --- [l-1 housekeeper] com.zaxxer.hikari.pool.HikariPool        : HikariPool-1 - Thread starvation or clock leap detected (housekeeper delta=1h20m44s475ms).
2026-05-17T04:14:21.454+08:00  WARN 96681 --- [l-1 housekeeper] com.zaxxer.hikari.pool.HikariPool        : HikariPool-1 - Thread starvation or clock leap detected (housekeeper delta=27m47s647ms).
2026-05-17T04:23:30.166+08:00  WARN 96681 --- [l-1 housekeeper] com.zaxxer.hikari.pool.HikariPool        : HikariPool-1 - Thread starvation or clock leap detected (housekeeper delta=8m38s704ms).
2026-05-17T05:45:10.154+08:00  WARN 96681 --- [l-1 housekeeper] com.zaxxer.hikari.pool.HikariPool        : HikariPool-1 - Thread starvation or clock leap detected (housekeeper delta=1h21m9s982ms).
2026-05-17T06:48:01.655+08:00  WARN 96681 --- [l-1 housekeeper] com.zaxxer.hikari.pool.HikariPool        : HikariPool-1 - Thread starvation or clock leap detected (housekeeper delta=1h2m51s501ms).
2026-05-17T06:57:29.079+08:00  WARN 96681 --- [l-1 housekeeper] com.zaxxer.hikari.pool.HikariPool        : HikariPool-1 - Thread starvation or clock leap detected (housekeeper delta=9m27s424ms).
2026-05-17T08:01:02.058+08:00  WARN 96681 --- [l-1 housekeeper] com.zaxxer.hikari.pool.HikariPool        : HikariPool-1 - Thread starvation or clock leap detected (housekeeper delta=1h3m32s979ms).
2026-05-17T09:02:08.571+08:00  WARN 96681 --- [l-1 housekeeper] com.zaxxer.hikari.pool.HikariPool        : HikariPool-1 - Thread starvation or clock leap detected (housekeeper delta=1h1m6s513ms).
2026-05-17T09:52:30.889+08:00  WARN 96681 --- [l-1 housekeeper] com.zaxxer.hikari.pool.HikariPool        : HikariPool-1 - Thread starvation or clock leap detected (housekeeper delta=49m52s314ms).
2026-05-17T12:14:43.259+08:00  WARN 96681 --- [l-1 housekeeper] com.zaxxer.hikari.pool.HikariPool        : HikariPool-1 - Thread starvation or clock leap detected (housekeeper delta=1h20m41s875ms).
2026-05-17T13:36:19.415+08:00  WARN 96681 --- [l-1 housekeeper] com.zaxxer.hikari.pool.HikariPool        : HikariPool-1 - Thread starvation or clock leap detected (housekeeper delta=1h21m36s156ms).
2026-05-17T14:14:49.703+08:00  WARN 96681 --- [l-1 housekeeper] com.zaxxer.hikari.pool.HikariPool        : HikariPool-1 - Thread starvation or clock leap detected (housekeeper delta=38m30s288ms).
2026-05-17T15:20:44.477+08:00  WARN 96681 --- [l-1 housekeeper] com.zaxxer.hikari.pool.HikariPool        : HikariPool-1 - Thread starvation or clock leap detected (housekeeper delta=1h5m54s774ms).
2026-05-17T16:37:27.704+08:00  WARN 96681 --- [l-1 housekeeper] com.zaxxer.hikari.pool.HikariPool        : HikariPool-1 - Thread starvation or clock leap detected (housekeeper delta=1h16m43s227ms).
2026-05-17T17:49:52.908+08:00  WARN 96681 --- [l-1 housekeeper] com.zaxxer.hikari.pool.HikariPool        : HikariPool-1 - Thread starvation or clock leap detected (housekeeper delta=1h12m25s204ms).
2026-05-17T19:07:03.318+08:00  WARN 96681 --- [l-1 housekeeper] com.zaxxer.hikari.pool.HikariPool        : HikariPool-1 - Thread starvation or clock leap detected (housekeeper delta=1h17m10s410ms).
2026-05-17T20:16:57.410+08:00  WARN 96681 --- [l-1 housekeeper] com.zaxxer.hikari.pool.HikariPool        : HikariPool-1 - Thread starvation or clock leap detected (housekeeper delta=1h9m54s91ms).
2026-05-17T21:51:36.666+08:00  WARN 96681 --- [l-1 housekeeper] com.zaxxer.hikari.pool.HikariPool        : HikariPool-1 - Thread starvation or clock leap detected (housekeeper delta=48m38s931ms).
2026-05-17T23:04:05.504+08:00  WARN 96681 --- [l-1 housekeeper] com.zaxxer.hikari.pool.HikariPool        : HikariPool-1 - Thread starvation or clock leap detected (housekeeper delta=1h12m28s838ms).
2026-05-18T00:03:42.522+08:00  WARN 96681 --- [l-1 housekeeper] com.zaxxer.hikari.pool.HikariPool        : HikariPool-1 - Thread starvation or clock leap detected (housekeeper delta=59m37s17ms).
2026-05-18T01:11:32.842+08:00  WARN 96681 --- [l-1 housekeeper] com.zaxxer.hikari.pool.HikariPool        : HikariPool-1 - Thread starvation or clock leap detected (housekeeper delta=1h7m50s321ms).
2026-05-18T02:17:12.768+08:00  WARN 96681 --- [l-1 housekeeper] com.zaxxer.hikari.pool.HikariPool        : HikariPool-1 - Thread starvation or clock leap detected (housekeeper delta=1h5m39s926ms).
2026-05-18T03:58:37.879+08:00  WARN 96681 --- [l-1 housekeeper] com.zaxxer.hikari.pool.HikariPool        : HikariPool-1 - Thread starvation or clock leap detected (housekeeper delta=1h41m25s111ms).
2026-05-18T04:36:52.709+08:00  WARN 96681 --- [l-1 housekeeper] com.zaxxer.hikari.pool.HikariPool        : HikariPool-1 - Thread starvation or clock leap detected (housekeeper delta=38m14s830ms).
2026-05-18T05:56:45.062+08:00  WARN 96681 --- [l-1 housekeeper] com.zaxxer.hikari.pool.HikariPool        : HikariPool-1 - Thread starvation or clock leap detected (housekeeper delta=1h19m52s353ms).
2026-05-18T06:57:46.717+08:00  WARN 96681 --- [l-1 housekeeper] com.zaxxer.hikari.pool.HikariPool        : HikariPool-1 - Thread starvation or clock leap detected (housekeeper delta=1h1m1s655ms).
2026-05-18T07:37:34.936+08:00  WARN 96681 --- [l-1 housekeeper] com.zaxxer.hikari.pool.HikariPool        : HikariPool-1 - Thread starvation or clock leap detected (housekeeper delta=39m48s218ms).
2026-05-18T11:20:10.216+08:00  WARN 96681 --- [l-1 housekeeper] com.zaxxer.hikari.pool.HikariPool        : HikariPool-1 - Thread starvation or clock leap detected (housekeeper delta=20m33s819ms).
2026-05-18T17:12:41.715+08:00  WARN 96681 --- [l-1 housekeeper] com.zaxxer.hikari.pool.HikariPool        : HikariPool-1 - Thread starvation or clock leap detected (housekeeper delta=2m28s756ms).
2026-05-19T08:29:46.437+08:00  WARN 96681 --- [l-1 housekeeper] com.zaxxer.hikari.pool.HikariPool        : HikariPool-1 - Thread starvation or clock leap detected (housekeeper delta=15m54s184ms).
2026-05-19T08:32:07.428+08:00  WARN 96681 --- [l-1 housekeeper] com.zaxxer.hikari.pool.HikariPool        : HikariPool-1 - Thread starvation or clock leap detected (housekeeper delta=1m50s979ms).
2026-05-19T08:36:02.697+08:00  WARN 96681 --- [l-1 housekeeper] com.zaxxer.hikari.pool.HikariPool        : HikariPool-1 - Thread starvation or clock leap detected (housekeeper delta=3m55s269ms).
2026-05-19T08:37:49.556+08:00  WARN 96681 --- [l-1 housekeeper] com.zaxxer.hikari.pool.HikariPool        : HikariPool-1 - Thread starvation or clock leap detected (housekeeper delta=1m46s859ms).
2026-05-19T12:01:43.168+08:00  WARN 96681 --- [l-1 housekeeper] com.zaxxer.hikari.pool.HikariPool        : HikariPool-1 - Thread starvation or clock leap detected (housekeeper delta=17m52s370ms).
2026-05-19T13:23:58.495+08:00  WARN 96681 --- [l-1 housekeeper] com.zaxxer.hikari.pool.HikariPool        : HikariPool-1 - Thread starvation or clock leap detected (housekeeper delta=1h22m15s327ms).
2026-05-19T13:25:13.877+08:00  WARN 96681 --- [l-1 housekeeper] com.zaxxer.hikari.pool.HikariPool        : HikariPool-1 - Thread starvation or clock leap detected (housekeeper delta=1m15s382ms).
2026-05-19T13:31:32.469+08:00  WARN 96681 --- [l-1 housekeeper] com.zaxxer.hikari.pool.HikariPool        : HikariPool-1 - Thread starvation or clock leap detected (housekeeper delta=6m18s592ms).
2026-05-19T13:32:27.056+08:00  WARN 96681 --- [l-1 housekeeper] com.zaxxer.hikari.pool.HikariPool        : HikariPool-1 - Thread starvation or clock leap detected (housekeeper delta=54s587ms).
2026-05-19T13:37:00.707+08:00  WARN 96681 --- [l-1 housekeeper] com.zaxxer.hikari.pool.HikariPool        : HikariPool-1 - Thread starvation or clock leap detected (housekeeper delta=4m33s651ms).
2026-05-19T14:00:14.192+08:00  WARN 96681 --- [l-1 housekeeper] com.zaxxer.hikari.pool.HikariPool        : HikariPool-1 - Thread starvation or clock leap detected (housekeeper delta=23m13s485ms).
2026-05-19T14:02:56.168+08:00  WARN 96681 --- [l-1 housekeeper] com.zaxxer.hikari.pool.HikariPool        : HikariPool-1 - Thread starvation or clock leap detected (housekeeper delta=2m41s976ms).
2026-05-19T14:04:04.969+08:00  WARN 96681 --- [l-1 housekeeper] com.zaxxer.hikari.pool.HikariPool        : HikariPool-1 - Thread starvation or clock leap detected (housekeeper delta=1m8s801ms).
2026-05-19T14:07:55.869+08:00  WARN 96681 --- [l-1 housekeeper] com.zaxxer.hikari.pool.HikariPool        : HikariPool-1 - Thread starvation or clock leap detected (housekeeper delta=3m50s900ms).
2026-05-19T16:24:30.177+08:00  WARN 96681 --- [l-1 housekeeper] com.zaxxer.hikari.pool.HikariPool        : HikariPool-1 - Thread starvation or clock leap detected (housekeeper delta=17m3s497ms).
2026-05-19T16:57:55.091+08:00  WARN 96681 --- [l-1 housekeeper] com.zaxxer.hikari.pool.HikariPool        : HikariPool-1 - Thread starvation or clock leap detected (housekeeper delta=33m24s914ms).
2026-05-19T21:52:39.761+08:00  WARN 96681 --- [l-1 housekeeper] com.zaxxer.hikari.pool.HikariPool        : HikariPool-1 - Thread starvation or clock leap detected (housekeeper delta=1h5m43s15ms).
2026-05-19T22:12:36.224+08:00  WARN 96681 --- [l-1 housekeeper] com.zaxxer.hikari.pool.HikariPool        : HikariPool-1 - Thread starvation or clock leap detected (housekeeper delta=19m56s463ms).
2026-05-19T22:21:45.577+08:00  WARN 96681 --- [l-1 housekeeper] com.zaxxer.hikari.pool.HikariPool        : HikariPool-1 - Thread starvation or clock leap detected (housekeeper delta=8m39s341ms).
2026-05-19T23:03:55.769+08:00  WARN 96681 --- [l-1 housekeeper] com.zaxxer.hikari.pool.HikariPool        : HikariPool-1 - Thread starvation or clock leap detected (housekeeper delta=42m10s192ms).
2026-05-20T00:19:14.084+08:00  WARN 96681 --- [l-1 housekeeper] com.zaxxer.hikari.pool.HikariPool        : HikariPool-1 - Thread starvation or clock leap detected (housekeeper delta=1h15m18s315ms).
2026-05-20T01:07:58.119+08:00  WARN 96681 --- [l-1 housekeeper] com.zaxxer.hikari.pool.HikariPool        : HikariPool-1 - Thread starvation or clock leap detected (housekeeper delta=48m44s35ms).
2026-05-20T01:37:18.473+08:00  WARN 96681 --- [l-1 housekeeper] com.zaxxer.hikari.pool.HikariPool        : HikariPool-1 - Thread starvation or clock leap detected (housekeeper delta=29m20s354ms).
2026-05-20T03:15:46.421+08:00  WARN 96681 --- [l-1 housekeeper] com.zaxxer.hikari.pool.HikariPool        : HikariPool-1 - Thread starvation or clock leap detected (housekeeper delta=1h38m27s948ms).
2026-05-20T04:17:38.663+08:00  WARN 96681 --- [l-1 housekeeper] com.zaxxer.hikari.pool.HikariPool        : HikariPool-1 - Thread starvation or clock leap detected (housekeeper delta=1h1m52s242ms).
2026-05-20T05:45:42.749+08:00  WARN 96681 --- [l-1 housekeeper] com.zaxxer.hikari.pool.HikariPool        : HikariPool-1 - Thread starvation or clock leap detected (housekeeper delta=1h28m4s85ms).
2026-05-20T07:03:47.874+08:00  WARN 96681 --- [l-1 housekeeper] com.zaxxer.hikari.pool.HikariPool        : HikariPool-1 - Thread starvation or clock leap detected (housekeeper delta=1h18m5s126ms).
2026-05-20T08:19:57.214+08:00  WARN 96681 --- [l-1 housekeeper] com.zaxxer.hikari.pool.HikariPool        : HikariPool-1 - Thread starvation or clock leap detected (housekeeper delta=1h16m9s340ms).
2026-05-20T09:06:31.187+08:00  WARN 96681 --- [l-1 housekeeper] com.zaxxer.hikari.pool.HikariPool        : HikariPool-1 - Thread starvation or clock leap detected (housekeeper delta=46m33s973ms).
2026-05-20T09:41:14.239+08:00  WARN 96681 --- [l-1 housekeeper] com.zaxxer.hikari.pool.HikariPool        : HikariPool-1 - Thread starvation or clock leap detected (housekeeper delta=34m43s52ms).
2026-05-20T10:33:47.712+08:00  WARN 96681 --- [l-1 housekeeper] com.zaxxer.hikari.pool.HikariPool        : HikariPool-1 - Thread starvation or clock leap detected (housekeeper delta=52m33s473ms).
2026-05-20T10:52:43.598+08:00  WARN 96681 --- [l-1 housekeeper] com.zaxxer.hikari.pool.HikariPool        : HikariPool-1 - Thread starvation or clock leap detected (housekeeper delta=17m25s881ms).
2026-05-20T11:19:13.901+08:00  WARN 96681 --- [l-1 housekeeper] com.zaxxer.hikari.pool.HikariPool        : HikariPool-1 - Thread starvation or clock leap detected (housekeeper delta=26m30s302ms).
2026-05-20T13:28:43.255+08:00  WARN 96681 --- [l-1 housekeeper] com.zaxxer.hikari.pool.HikariPool        : HikariPool-1 - Retrograde clock change detected (housekeeper delta=27s891ms), soft-evicting connections from pool.
2026-05-20T13:52:13.946+08:00  WARN 96681 --- [l-1 housekeeper] com.zaxxer.hikari.pool.HikariPool        : HikariPool-1 - Thread starvation or clock leap detected (housekeeper delta=1m30s619ms).
2026-05-20T14:00:14.871+08:00  WARN 96681 --- [l-1 housekeeper] com.zaxxer.hikari.pool.HikariPool        : HikariPool-1 - Thread starvation or clock leap detected (housekeeper delta=7m30s923ms).
2026-05-20T14:01:49.043+08:00  WARN 96681 --- [l-1 housekeeper] com.zaxxer.hikari.pool.HikariPool        : HikariPool-1 - Thread starvation or clock leap detected (housekeeper delta=1m34s172ms).
2026-05-20T14:03:09.739+08:00  WARN 96681 --- [l-1 housekeeper] com.zaxxer.hikari.pool.HikariPool        : HikariPool-1 - Thread starvation or clock leap detected (housekeeper delta=1m20s696ms).
2026-05-20T14:03:23.615+08:00  INFO 96681 --- [nio-8081-exec-5] o.apache.coyote.http11.Http11Processor   : Error parsing HTTP request header
 Note: further occurrences of HTTP request parsing errors will be logged at DEBUG level.

java.lang.IllegalArgumentException: Invalid character found in method name [0x04{0x080x000x040x060x0bwup_version0x160x033.00x060x0dTYPE_COMPRESS0x160x0120x060x09encr_type0x160x07rsapost0x060x07bea_key0x160xacI/ekY5nPQoMoiJcfSVRCKGDqn4S/tnDSlRRPqBFzfNzqr9/C06qQrecOK1pkk0a6ZcX4qfS+K0CEakRQpbql/iwFjoxM99jSDfrRsWzwAaKniTQajjsgEn3x1QGsziiiaEpPS/z2/26ovoPklVlwdTbz2RY6wR321urhuj1U5KQ=0x1d0x000x010x030x8070xee0xddb0x800xf60xf00x900xfd(_s0xf40xbc0x170xe75P0xba0x13{_f0xd10x7f10x9820xec0x9b0x120xfb0x8e0xbd0x9a0x860xd40x85O0xac0x93,0xdd0x0d ]. HTTP method names must be tokens
	at org.apache.coyote.http11.Http11InputBuffer.parseRequestLine(Http11InputBuffer.java:407) ~[tomcat-embed-core-10.1.19.jar:10.1.19]
	at org.apache.coyote.http11.Http11Processor.service(Http11Processor.java:264) ~[tomcat-embed-core-10.1.19.jar:10.1.19]
	at org.apache.coyote.AbstractProcessorLight.process(AbstractProcessorLight.java:63) ~[tomcat-embed-core-10.1.19.jar:10.1.19]
	at org.apache.coyote.AbstractProtocol$ConnectionHandler.process(AbstractProtocol.java:896) ~[tomcat-embed-core-10.1.19.jar:10.1.19]
	at org.apache.tomcat.util.net.NioEndpoint$SocketProcessor.doRun(NioEndpoint.java:1744) ~[tomcat-embed-core-10.1.19.jar:10.1.19]
	at org.apache.tomcat.util.net.SocketProcessorBase.run(SocketProcessorBase.java:52) ~[tomcat-embed-core-10.1.19.jar:10.1.19]
	at org.apache.tomcat.util.threads.ThreadPoolExecutor.runWorker(ThreadPoolExecutor.java:1191) ~[tomcat-embed-core-10.1.19.jar:10.1.19]
	at org.apache.tomcat.util.threads.ThreadPoolExecutor$Worker.run(ThreadPoolExecutor.java:659) ~[tomcat-embed-core-10.1.19.jar:10.1.19]
	at org.apache.tomcat.util.threads.TaskThread$WrappingRunnable.run(TaskThread.java:63) ~[tomcat-embed-core-10.1.19.jar:10.1.19]
	at java.base/java.lang.Thread.run(Thread.java:1474) ~[na:na]

2026-05-20T15:07:32.831+08:00  WARN 96681 --- [l-1 housekeeper] com.zaxxer.hikari.pool.HikariPool        : HikariPool-1 - Thread starvation or clock leap detected (housekeeper delta=2m8s802ms).
2026-05-20T15:20:31.219+08:00  WARN 96681 --- [l-1 housekeeper] com.zaxxer.hikari.pool.HikariPool        : HikariPool-1 - Retrograde clock change detected (housekeeper delta=28s336ms), soft-evicting connections from pool.
2026-05-20T15:36:42.206+08:00  WARN 96681 --- [l-1 housekeeper] com.zaxxer.hikari.pool.HikariPool        : HikariPool-1 - Thread starvation or clock leap detected (housekeeper delta=2m10s937ms).
2026-05-20T17:12:06.995+08:00  WARN 96681 --- [l-1 housekeeper] com.zaxxer.hikari.pool.HikariPool        : HikariPool-1 - Thread starvation or clock leap detected (housekeeper delta=1m50s55ms).
2026-05-20T17:22:38.091+08:00  WARN 96681 --- [l-1 housekeeper] com.zaxxer.hikari.pool.HikariPool        : HikariPool-1 - Thread starvation or clock leap detected (housekeeper delta=10m31s96ms).
2026-05-20T17:31:55.634+08:00  WARN 96681 --- [l-1 housekeeper] com.zaxxer.hikari.pool.HikariPool        : HikariPool-1 - Thread starvation or clock leap detected (housekeeper delta=9m17s543ms).
2026-05-20T18:23:38.119+08:00  WARN 96681 --- [l-1 housekeeper] com.zaxxer.hikari.pool.HikariPool        : HikariPool-1 - Thread starvation or clock leap detected (housekeeper delta=51m42s482ms).
2026-05-20T19:46:18.090+08:00  WARN 96681 --- [l-1 housekeeper] com.zaxxer.hikari.pool.HikariPool        : HikariPool-1 - Thread starvation or clock leap detected (housekeeper delta=16m39s336ms).
2026-05-20T20:54:22.908+08:00  WARN 96681 --- [l-1 housekeeper] com.zaxxer.hikari.pool.HikariPool        : HikariPool-1 - Thread starvation or clock leap detected (housekeeper delta=1h7m34s811ms).
2026-05-20T22:04:39.282+08:00  WARN 96681 --- [l-1 housekeeper] com.zaxxer.hikari.pool.HikariPool        : HikariPool-1 - Thread starvation or clock leap detected (housekeeper delta=1h10m16s374ms).
2026-05-20T23:21:57.487+08:00  WARN 96681 --- [l-1 housekeeper] com.zaxxer.hikari.pool.HikariPool        : HikariPool-1 - Thread starvation or clock leap detected (housekeeper delta=1h17m18s204ms).
2026-05-21T00:42:01.631+08:00  WARN 96681 --- [l-1 housekeeper] com.zaxxer.hikari.pool.HikariPool        : HikariPool-1 - Thread starvation or clock leap detected (housekeeper delta=1h20m4s145ms).
2026-05-21T02:24:15.097+08:00  WARN 96681 --- [l-1 housekeeper] com.zaxxer.hikari.pool.HikariPool        : HikariPool-1 - Thread starvation or clock leap detected (housekeeper delta=1h42m13s466ms).
2026-05-21T03:44:01.375+08:00  WARN 96681 --- [l-1 housekeeper] com.zaxxer.hikari.pool.HikariPool        : HikariPool-1 - Thread starvation or clock leap detected (housekeeper delta=1h19m46s278ms).
2026-05-21T05:26:12.594+08:00  WARN 96681 --- [l-1 housekeeper] com.zaxxer.hikari.pool.HikariPool        : HikariPool-1 - Thread starvation or clock leap detected (housekeeper delta=1h42m11s219ms).
2026-05-21T05:41:40.333+08:00  WARN 96681 --- [l-1 housekeeper] com.zaxxer.hikari.pool.HikariPool        : HikariPool-1 - Thread starvation or clock leap detected (housekeeper delta=15m27s739ms).
2026-05-21T06:34:48.621+08:00  WARN 96681 --- [l-1 housekeeper] com.zaxxer.hikari.pool.HikariPool        : HikariPool-1 - Thread starvation or clock leap detected (housekeeper delta=53m8s288ms).
2026-05-21T06:43:46.161+08:00  WARN 96681 --- [l-1 housekeeper] com.zaxxer.hikari.pool.HikariPool        : HikariPool-1 - Thread starvation or clock leap detected (housekeeper delta=8m57s540ms).
2026-05-21T07:17:09.838+08:00  WARN 96681 --- [l-1 housekeeper] com.zaxxer.hikari.pool.HikariPool        : HikariPool-1 - Thread starvation or clock leap detected (housekeeper delta=33m23s676ms).
2026-05-21T08:07:58.965+08:00  WARN 96681 --- [l-1 housekeeper] com.zaxxer.hikari.pool.HikariPool        : HikariPool-1 - Thread starvation or clock leap detected (housekeeper delta=50m49s127ms).
2026-05-21T08:14:37.268+08:00  WARN 96681 --- [l-1 housekeeper] com.zaxxer.hikari.pool.HikariPool        : HikariPool-1 - Thread starvation or clock leap detected (housekeeper delta=6m38s304ms).
2026-05-21T08:22:10.042+08:00  WARN 96681 --- [l-1 housekeeper] com.zaxxer.hikari.pool.HikariPool        : HikariPool-1 - Thread starvation or clock leap detected (housekeeper delta=7m32s774ms).
2026-05-21T08:26:49.106+08:00  WARN 96681 --- [l-1 housekeeper] com.zaxxer.hikari.pool.HikariPool        : HikariPool-1 - Thread starvation or clock leap detected (housekeeper delta=4m39s60ms).
2026-05-21T09:11:35.682+08:00  WARN 96681 --- [l-1 housekeeper] com.zaxxer.hikari.pool.HikariPool        : HikariPool-1 - Thread starvation or clock leap detected (housekeeper delta=46s211ms).
2026-05-21T09:21:36.383+08:00  WARN 96681 --- [l-1 housekeeper] com.zaxxer.hikari.pool.HikariPool        : HikariPool-1 - Thread starvation or clock leap detected (housekeeper delta=9m30s685ms).
2026-05-21T10:35:56.624+08:00  WARN 96681 --- [l-1 housekeeper] com.zaxxer.hikari.pool.HikariPool        : HikariPool-1 - Thread starvation or clock leap detected (housekeeper delta=16m49s881ms).
2026-05-21T10:54:47.708+08:00  WARN 96681 --- [l-1 housekeeper] com.zaxxer.hikari.pool.HikariPool        : HikariPool-1 - Thread starvation or clock leap detected (housekeeper delta=18m51s85ms).
2026-05-21T11:44:40.886+08:00  WARN 96681 --- [l-1 housekeeper] com.zaxxer.hikari.pool.HikariPool        : HikariPool-1 - Thread starvation or clock leap detected (housekeeper delta=49m53s178ms).
2026-05-21T12:18:33.481+08:00  WARN 96681 --- [l-1 housekeeper] com.zaxxer.hikari.pool.HikariPool        : HikariPool-1 - Thread starvation or clock leap detected (housekeeper delta=33m52s594ms).
2026-05-21T13:10:10.425+08:00  WARN 96681 --- [l-1 housekeeper] com.zaxxer.hikari.pool.HikariPool        : HikariPool-1 - Thread starvation or clock leap detected (housekeeper delta=51m36s945ms).
2026-05-21T14:21:53.743+08:00  WARN 96681 --- [l-1 housekeeper] com.zaxxer.hikari.pool.HikariPool        : HikariPool-1 - Thread starvation or clock leap detected (housekeeper delta=1h11m43s317ms).
2026-05-21T15:39:30.760+08:00  WARN 96681 --- [l-1 housekeeper] com.zaxxer.hikari.pool.HikariPool        : HikariPool-1 - Thread starvation or clock leap detected (housekeeper delta=1h17m37s18ms).
2026-05-21T16:38:36.217+08:00  WARN 96681 --- [l-1 housekeeper] com.zaxxer.hikari.pool.HikariPool        : HikariPool-1 - Thread starvation or clock leap detected (housekeeper delta=59m5s457ms).
2026-05-21T17:23:48.869+08:00  WARN 96681 --- [l-1 housekeeper] com.zaxxer.hikari.pool.HikariPool        : HikariPool-1 - Thread starvation or clock leap detected (housekeeper delta=16m12s384ms).
2026-05-21T17:46:21.759+08:00  WARN 96681 --- [l-1 housekeeper] com.zaxxer.hikari.pool.HikariPool        : HikariPool-1 - Thread starvation or clock leap detected (housekeeper delta=22m32s889ms).
2026-05-21T17:51:09.813+08:00  WARN 96681 --- [l-1 housekeeper] com.zaxxer.hikari.pool.HikariPool        : HikariPool-1 - Thread starvation or clock leap detected (housekeeper delta=4m18s44ms).
2026-05-21T17:56:42.768+08:00  WARN 96681 --- [l-1 housekeeper] com.zaxxer.hikari.pool.HikariPool        : HikariPool-1 - Thread starvation or clock leap detected (housekeeper delta=5m32s955ms).
2026-05-21T17:58:53.699+08:00  WARN 96681 --- [l-1 housekeeper] com.zaxxer.hikari.pool.HikariPool        : HikariPool-1 - Thread starvation or clock leap detected (housekeeper delta=2m10s931ms).
2026-05-21T19:18:49.133+08:00  WARN 96681 --- [l-1 housekeeper] com.zaxxer.hikari.pool.HikariPool        : HikariPool-1 - Thread starvation or clock leap detected (housekeeper delta=10m54s937ms).
2026-05-21T19:28:24.266+08:00  WARN 96681 --- [l-1 housekeeper] com.zaxxer.hikari.pool.HikariPool        : HikariPool-1 - Thread starvation or clock leap detected (housekeeper delta=9m35s134ms).
2026-05-21T19:49:12.102+08:00  WARN 96681 --- [l-1 housekeeper] com.zaxxer.hikari.pool.HikariPool        : HikariPool-1 - Thread starvation or clock leap detected (housekeeper delta=2m47s730ms).
2026-05-21T20:35:00.722+08:00  WARN 96681 --- [l-1 housekeeper] com.zaxxer.hikari.pool.HikariPool        : HikariPool-1 - Thread starvation or clock leap detected (housekeeper delta=39m48s585ms).
2026-05-21T21:13:21.905+08:00  WARN 96681 --- [l-1 housekeeper] com.zaxxer.hikari.pool.HikariPool        : HikariPool-1 - Thread starvation or clock leap detected (housekeeper delta=18m21s50ms).
2026-05-21T21:29:46.887+08:00  WARN 96681 --- [l-1 housekeeper] com.zaxxer.hikari.pool.HikariPool        : HikariPool-1 - Thread starvation or clock leap detected (housekeeper delta=15m54s970ms).
2026-05-21T22:19:11.104+08:00  WARN 96681 --- [l-1 housekeeper] com.zaxxer.hikari.pool.HikariPool        : HikariPool-1 - Thread starvation or clock leap detected (housekeeper delta=48m54s209ms).
2026-05-21T22:42:08.177+08:00  WARN 96681 --- [l-1 housekeeper] com.zaxxer.hikari.pool.HikariPool        : HikariPool-1 - Thread starvation or clock leap detected (housekeeper delta=22m57s72ms).
2026-05-22T00:49:49.865+08:00  WARN 96681 --- [l-1 housekeeper] com.zaxxer.hikari.pool.HikariPool        : HikariPool-1 - Thread starvation or clock leap detected (housekeeper delta=47m11s233ms).
2026-05-22T01:35:51.790+08:00  WARN 96681 --- [l-1 housekeeper] com.zaxxer.hikari.pool.HikariPool        : HikariPool-1 - Thread starvation or clock leap detected (housekeeper delta=46m1s926ms).
2026-05-22T02:50:55.003+08:00  WARN 96681 --- [l-1 housekeeper] com.zaxxer.hikari.pool.HikariPool        : HikariPool-1 - Thread starvation or clock leap detected (housekeeper delta=1h14m33s188ms).
2026-05-22T04:30:45.179+08:00  WARN 96681 --- [l-1 housekeeper] com.zaxxer.hikari.pool.HikariPool        : HikariPool-1 - Thread starvation or clock leap detected (housekeeper delta=1h39m50s176ms).
2026-05-22T06:00:02.383+08:00  WARN 96681 --- [l-1 housekeeper] com.zaxxer.hikari.pool.HikariPool        : HikariPool-1 - Thread starvation or clock leap detected (housekeeper delta=1h29m17s204ms).
2026-05-22T06:30:47.237+08:00  WARN 96681 --- [l-1 housekeeper] com.zaxxer.hikari.pool.HikariPool        : HikariPool-1 - Thread starvation or clock leap detected (housekeeper delta=30m44s854ms).
2026-05-22T06:44:03.172+08:00  WARN 96681 --- [l-1 housekeeper] com.zaxxer.hikari.pool.HikariPool        : HikariPool-1 - Thread starvation or clock leap detected (housekeeper delta=13m15s935ms).
2026-05-22T07:09:36.243+08:00  WARN 96681 --- [l-1 housekeeper] com.zaxxer.hikari.pool.HikariPool        : HikariPool-1 - Thread starvation or clock leap detected (housekeeper delta=25m33s71ms).
2026-05-22T07:28:44.622+08:00  WARN 96681 --- [l-1 housekeeper] com.zaxxer.hikari.pool.HikariPool        : HikariPool-1 - Thread starvation or clock leap detected (housekeeper delta=19m8s379ms).
2026-05-22T08:23:25.199+08:00  WARN 96681 --- [l-1 housekeeper] com.zaxxer.hikari.pool.HikariPool        : HikariPool-1 - Thread starvation or clock leap detected (housekeeper delta=4m40s332ms).
2026-05-22T08:25:08.578+08:00  WARN 96681 --- [l-1 housekeeper] com.zaxxer.hikari.pool.HikariPool        : HikariPool-1 - Thread starvation or clock leap detected (housekeeper delta=1m43s379ms).
2026-05-22T08:30:53.032+08:00  WARN 96681 --- [l-1 housekeeper] com.zaxxer.hikari.pool.HikariPool        : HikariPool-1 - Thread starvation or clock leap detected (housekeeper delta=1m44s436ms).
2026-05-22T08:47:59.768+08:00  WARN 96681 --- [l-1 housekeeper] com.zaxxer.hikari.pool.HikariPool        : HikariPool-1 - Thread starvation or clock leap detected (housekeeper delta=1m6s657ms).
2026-05-22T08:50:03.497+08:00  WARN 96681 --- [l-1 housekeeper] com.zaxxer.hikari.pool.HikariPool        : HikariPool-1 - Thread starvation or clock leap detected (housekeeper delta=2m3s729ms).
2026-05-22T09:43:08.488+08:00  WARN 96681 --- [l-1 housekeeper] com.zaxxer.hikari.pool.HikariPool        : HikariPool-1 - Thread starvation or clock leap detected (housekeeper delta=7m34s738ms).
2026-05-22T10:02:34.843+08:00  WARN 96681 --- [l-1 housekeeper] com.zaxxer.hikari.pool.HikariPool        : HikariPool-1 - Thread starvation or clock leap detected (housekeeper delta=14m56s326ms).
2026-05-22T10:10:20.243+08:00  WARN 96681 --- [l-1 housekeeper] com.zaxxer.hikari.pool.HikariPool        : HikariPool-1 - Thread starvation or clock leap detected (housekeeper delta=3m15s367ms).
2026-05-22T10:13:07.878+08:00  WARN 96681 --- [l-1 housekeeper] com.zaxxer.hikari.pool.HikariPool        : HikariPool-1 - Thread starvation or clock leap detected (housekeeper delta=47s625ms).
2026-05-22T10:30:33.291+08:00  WARN 96681 --- [l-1 housekeeper] com.zaxxer.hikari.pool.HikariPool        : HikariPool-1 - Thread starvation or clock leap detected (housekeeper delta=9m55s367ms).
2026-05-22T10:59:30.514+08:00  WARN 96681 --- [l-1 housekeeper] com.zaxxer.hikari.pool.HikariPool        : HikariPool-1 - Thread starvation or clock leap detected (housekeeper delta=28m57s224ms).
2026-05-22T11:10:48.158+08:00  WARN 96681 --- [l-1 housekeeper] com.zaxxer.hikari.pool.HikariPool        : HikariPool-1 - Thread starvation or clock leap detected (housekeeper delta=1m17s543ms).
2026-05-22T11:26:16.280+08:00  WARN 96681 --- [l-1 housekeeper] com.zaxxer.hikari.pool.HikariPool        : HikariPool-1 - Thread starvation or clock leap detected (housekeeper delta=15m28s123ms).
2026-05-22T11:57:01.483+08:00  WARN 96681 --- [l-1 housekeeper] com.zaxxer.hikari.pool.HikariPool        : HikariPool-1 - Thread starvation or clock leap detected (housekeeper delta=7m15s68ms).
2026-05-22T12:17:46.267+08:00  WARN 96681 --- [l-1 housekeeper] com.zaxxer.hikari.pool.HikariPool        : HikariPool-1 - Thread starvation or clock leap detected (housekeeper delta=20m44s785ms).
2026-05-22T12:45:21.322+08:00  WARN 96681 --- [l-1 housekeeper] com.zaxxer.hikari.pool.HikariPool        : HikariPool-1 - Thread starvation or clock leap detected (housekeeper delta=7m5s18ms).
2026-05-22T13:01:15.536+08:00  WARN 96681 --- [l-1 housekeeper] com.zaxxer.hikari.pool.HikariPool        : HikariPool-1 - Thread starvation or clock leap detected (housekeeper delta=15m54s214ms).
2026-05-22T13:02:30.063+08:00  WARN 96681 --- [l-1 housekeeper] com.zaxxer.hikari.pool.HikariPool        : HikariPool-1 - Thread starvation or clock leap detected (housekeeper delta=1m14s527ms).
2026-05-22T14:01:21.402+08:00  WARN 96681 --- [l-1 housekeeper] com.zaxxer.hikari.pool.HikariPool        : HikariPool-1 - Thread starvation or clock leap detected (housekeeper delta=58m51s339ms).
2026-05-22T14:21:17.502+08:00  WARN 96681 --- [l-1 housekeeper] com.zaxxer.hikari.pool.HikariPool        : HikariPool-1 - Thread starvation or clock leap detected (housekeeper delta=19m56s100ms).
2026-05-22T14:51:27.283+08:00  WARN 96681 --- [l-1 housekeeper] com.zaxxer.hikari.pool.HikariPool        : HikariPool-1 - Thread starvation or clock leap detected (housekeeper delta=27m9s728ms).
2026-05-22T15:00:29.830+08:00  WARN 96681 --- [l-1 housekeeper] com.zaxxer.hikari.pool.HikariPool        : HikariPool-1 - Thread starvation or clock leap detected (housekeeper delta=9m2s547ms).
2026-05-22T15:07:43.897+08:00  WARN 96681 --- [l-1 housekeeper] com.zaxxer.hikari.pool.HikariPool        : HikariPool-1 - Thread starvation or clock leap detected (housekeeper delta=3m44s39ms).
2026-05-22T15:24:05.763+08:00  WARN 96681 --- [l-1 housekeeper] com.zaxxer.hikari.pool.HikariPool        : HikariPool-1 - Thread starvation or clock leap detected (housekeeper delta=5m21s785ms).
2026-05-22T15:59:23.178+08:00  WARN 96681 --- [l-1 housekeeper] com.zaxxer.hikari.pool.HikariPool        : HikariPool-1 - Thread starvation or clock leap detected (housekeeper delta=35m17s414ms).
2026-05-22T16:16:01.220+08:00  WARN 96681 --- [l-1 housekeeper] com.zaxxer.hikari.pool.HikariPool        : HikariPool-1 - Thread starvation or clock leap detected (housekeeper delta=16m38s43ms).
2026-05-22T17:11:44.357+08:00  WARN 96681 --- [l-1 housekeeper] com.zaxxer.hikari.pool.HikariPool        : HikariPool-1 - Thread starvation or clock leap detected (housekeeper delta=50m43s98ms).
2026-05-22T17:50:04.325+08:00  WARN 96681 --- [l-1 housekeeper] com.zaxxer.hikari.pool.HikariPool        : HikariPool-1 - Thread starvation or clock leap detected (housekeeper delta=38m19s969ms).
2026-05-22T17:53:58.352+08:00  WARN 96681 --- [l-1 housekeeper] com.zaxxer.hikari.pool.HikariPool        : HikariPool-1 - Thread starvation or clock leap detected (housekeeper delta=3m54s27ms).
2026-05-22T18:43:29.428+08:00  WARN 96681 --- [l-1 housekeeper] com.zaxxer.hikari.pool.HikariPool        : HikariPool-1 - Thread starvation or clock leap detected (housekeeper delta=49m31s76ms).
2026-05-22T19:13:47.849+08:00  WARN 96681 --- [l-1 housekeeper] com.zaxxer.hikari.pool.HikariPool        : HikariPool-1 - Thread starvation or clock leap detected (housekeeper delta=30m18s421ms).
2026-05-22T19:48:54.960+08:00  WARN 96681 --- [l-1 housekeeper] com.zaxxer.hikari.pool.HikariPool        : HikariPool-1 - Thread starvation or clock leap detected (housekeeper delta=35m7s110ms).
2026-05-22T19:55:07.889+08:00  WARN 96681 --- [l-1 housekeeper] com.zaxxer.hikari.pool.HikariPool        : HikariPool-1 - Thread starvation or clock leap detected (housekeeper delta=2m12s885ms).
2026-05-22T20:43:44.672+08:00  WARN 96681 --- [l-1 housekeeper] com.zaxxer.hikari.pool.HikariPool        : HikariPool-1 - Thread starvation or clock leap detected (housekeeper delta=45m36s764ms).
2026-05-22T21:20:32.882+08:00  WARN 96681 --- [l-1 housekeeper] com.zaxxer.hikari.pool.HikariPool        : HikariPool-1 - Thread starvation or clock leap detected (housekeeper delta=36m48s210ms).
2026-05-22T21:30:56.430+08:00  WARN 96681 --- [l-1 housekeeper] com.zaxxer.hikari.pool.HikariPool        : HikariPool-1 - Thread starvation or clock leap detected (housekeeper delta=1m23s470ms).
2026-05-22T22:39:35.257+08:00  WARN 96681 --- [l-1 housekeeper] com.zaxxer.hikari.pool.HikariPool        : HikariPool-1 - Thread starvation or clock leap detected (housekeeper delta=49m38s835ms).
2026-05-22T23:51:00.999+08:00  WARN 96681 --- [l-1 housekeeper] com.zaxxer.hikari.pool.HikariPool        : HikariPool-1 - Thread starvation or clock leap detected (housekeeper delta=1h11m25s740ms).
2026-05-23T00:44:27.998+08:00  WARN 96681 --- [l-1 housekeeper] com.zaxxer.hikari.pool.HikariPool        : HikariPool-1 - Thread starvation or clock leap detected (housekeeper delta=53m27s).
2026-05-23T01:59:04.281+08:00  WARN 96681 --- [l-1 housekeeper] com.zaxxer.hikari.pool.HikariPool        : HikariPool-1 - Thread starvation or clock leap detected (housekeeper delta=1h14m36s284ms).
2026-05-23T03:19:53.404+08:00  WARN 96681 --- [l-1 housekeeper] com.zaxxer.hikari.pool.HikariPool        : HikariPool-1 - Thread starvation or clock leap detected (housekeeper delta=1h20m49s123ms).
2026-05-23T04:31:20.623+08:00  WARN 96681 --- [l-1 housekeeper] com.zaxxer.hikari.pool.HikariPool        : HikariPool-1 - Thread starvation or clock leap detected (housekeeper delta=1h11m27s219ms).
2026-05-23T05:41:52.926+08:00  WARN 96681 --- [l-1 housekeeper] com.zaxxer.hikari.pool.HikariPool        : HikariPool-1 - Thread starvation or clock leap detected (housekeeper delta=1h10m32s303ms).
2026-05-23T06:10:29.606+08:00  WARN 96681 --- [l-1 housekeeper] com.zaxxer.hikari.pool.HikariPool        : HikariPool-1 - Thread starvation or clock leap detected (housekeeper delta=28m36s679ms).
2026-05-23T06:33:21.411+08:00  WARN 96681 --- [l-1 housekeeper] com.zaxxer.hikari.pool.HikariPool        : HikariPool-1 - Thread starvation or clock leap detected (housekeeper delta=22m51s806ms).
2026-05-23T06:47:47.374+08:00  WARN 96681 --- [l-1 housekeeper] com.zaxxer.hikari.pool.HikariPool        : HikariPool-1 - Thread starvation or clock leap detected (housekeeper delta=14m25s960ms).
2026-05-23T06:53:14.188+08:00  WARN 96681 --- [l-1 housekeeper] com.zaxxer.hikari.pool.HikariPool        : HikariPool-1 - Thread starvation or clock leap detected (housekeeper delta=1m56s788ms).
2026-05-23T06:56:46.413+08:00  WARN 96681 --- [l-1 housekeeper] com.zaxxer.hikari.pool.HikariPool        : HikariPool-1 - Thread starvation or clock leap detected (housekeeper delta=3m2s214ms).
2026-05-23T07:04:03.350+08:00  WARN 96681 --- [l-1 housekeeper] com.zaxxer.hikari.pool.HikariPool        : HikariPool-1 - Thread starvation or clock leap detected (housekeeper delta=6m16s930ms).
2026-05-23T08:28:06.812+08:00  WARN 96681 --- [l-1 housekeeper] com.zaxxer.hikari.pool.HikariPool        : HikariPool-1 - Thread starvation or clock leap detected (housekeeper delta=1h24m3s462ms).
2026-05-23T09:23:56.645+08:00  WARN 96681 --- [l-1 housekeeper] com.zaxxer.hikari.pool.HikariPool        : HikariPool-1 - Thread starvation or clock leap detected (housekeeper delta=55m49s833ms).
2026-05-23T10:12:09.402+08:00  WARN 96681 --- [l-1 housekeeper] com.zaxxer.hikari.pool.HikariPool        : HikariPool-1 - Thread starvation or clock leap detected (housekeeper delta=48m12s757ms).
2026-05-23T11:34:43.519+08:00  WARN 96681 --- [l-1 housekeeper] com.zaxxer.hikari.pool.HikariPool        : HikariPool-1 - Thread starvation or clock leap detected (housekeeper delta=1h22m34s117ms).
2026-05-23T12:37:09.224+08:00  WARN 96681 --- [l-1 housekeeper] com.zaxxer.hikari.pool.HikariPool        : HikariPool-1 - Thread starvation or clock leap detected (housekeeper delta=1h2m25s705ms).
2026-05-23T12:38:07.838+08:00  WARN 96681 --- [l-1 housekeeper] com.zaxxer.hikari.pool.HikariPool        : HikariPool-1 - Retrograde clock change detected (housekeeper delta=28s610ms), soft-evicting connections from pool.
2026-05-23T12:49:42.051+08:00  WARN 96681 --- [l-1 housekeeper] com.zaxxer.hikari.pool.HikariPool        : HikariPool-1 - Thread starvation or clock leap detected (housekeeper delta=2m4s171ms).
2026-05-23T12:55:05.581+08:00  WARN 96681 --- [l-1 housekeeper] com.zaxxer.hikari.pool.HikariPool        : HikariPool-1 - Thread starvation or clock leap detected (housekeeper delta=5m23s530ms).
2026-05-23T13:00:50.803+08:00  WARN 96681 --- [l-1 housekeeper] com.zaxxer.hikari.pool.HikariPool        : HikariPool-1 - Thread starvation or clock leap detected (housekeeper delta=1m45s213ms).
2026-05-23T13:10:19.673+08:00  WARN 96681 --- [l-1 housekeeper] com.zaxxer.hikari.pool.HikariPool        : HikariPool-1 - Thread starvation or clock leap detected (housekeeper delta=4m58s855ms).
2026-05-23T13:58:19.433+08:00  WARN 96681 --- [l-1 housekeeper] com.zaxxer.hikari.pool.HikariPool        : HikariPool-1 - Thread starvation or clock leap detected (housekeeper delta=47m59s760ms).
2026-05-23T15:03:19.983+08:00  WARN 96681 --- [l-1 housekeeper] com.zaxxer.hikari.pool.HikariPool        : HikariPool-1 - Thread starvation or clock leap detected (housekeeper delta=1h5m549ms).
2026-05-23T15:11:18.044+08:00  WARN 96681 --- [l-1 housekeeper] com.zaxxer.hikari.pool.HikariPool        : HikariPool-1 - Thread starvation or clock leap detected (housekeeper delta=7m58s62ms).
2026-05-23T15:28:42.846+08:00  WARN 96681 --- [l-1 housekeeper] com.zaxxer.hikari.pool.HikariPool        : HikariPool-1 - Thread starvation or clock leap detected (housekeeper delta=17m24s802ms).
2026-05-23T17:03:11.524+08:00  WARN 96681 --- [l-1 housekeeper] com.zaxxer.hikari.pool.HikariPool        : HikariPool-1 - Retrograde clock change detected (housekeeper delta=28s422ms), soft-evicting connections from pool.
2026-05-23T17:44:39.685+08:00  WARN 96681 --- [l-1 housekeeper] com.zaxxer.hikari.pool.HikariPool        : HikariPool-1 - Thread starvation or clock leap detected (housekeeper delta=15m28s42ms).
2026-05-23T17:48:34.924+08:00  WARN 96681 --- [l-1 housekeeper] com.zaxxer.hikari.pool.HikariPool        : HikariPool-1 - Thread starvation or clock leap detected (housekeeper delta=3m25s230ms).
2026-05-23T18:00:07.040+08:00  WARN 96681 --- [l-1 housekeeper] com.zaxxer.hikari.pool.HikariPool        : HikariPool-1 - Thread starvation or clock leap detected (housekeeper delta=9m2s104ms).
2026-05-23T18:25:29.788+08:00  WARN 96681 --- [l-1 housekeeper] com.zaxxer.hikari.pool.HikariPool        : HikariPool-1 - Thread starvation or clock leap detected (housekeeper delta=2m52s637ms).
2026-05-23T18:41:00.258+08:00  WARN 96681 --- [l-1 housekeeper] com.zaxxer.hikari.pool.HikariPool        : HikariPool-1 - Thread starvation or clock leap detected (housekeeper delta=15m30s470ms).
2026-05-23T19:00:18.199+08:00  WARN 96681 --- [l-1 housekeeper] com.zaxxer.hikari.pool.HikariPool        : HikariPool-1 - Thread starvation or clock leap detected (housekeeper delta=18m17s923ms).
2026-05-23T19:05:28.359+08:00  WARN 96681 --- [l-1 housekeeper] com.zaxxer.hikari.pool.HikariPool        : HikariPool-1 - Thread starvation or clock leap detected (housekeeper delta=4m40s130ms).
2026-05-23T19:11:57.979+08:00  WARN 96681 --- [l-1 housekeeper] com.zaxxer.hikari.pool.HikariPool        : HikariPool-1 - Thread starvation or clock leap detected (housekeeper delta=6m29s614ms).
